Course Code,Title,Prerequisite 1,Prerequisite 2,Prerequisite 3,Prerequisite 4,Prerequisite 5,Description
CAS BI 105,Introductory Biology for Health Sciences,,,,,,"Principles of biology; emphasis on cellular structure, genetics, microbiology, development, biochemistry, metabolism, and immunology. This course is appropriate for non-majors and students in the health and paramedical sciences (Sargent College). Students may not receive credit for CAS BI 105 if CAS BI 108 has already been passed. Three hours lecture, two hours lab. Carries natural science divisional credit (with lab) in CAS. Effective Fall 2018, this course fulfills a single unit in each of the following BU Hub areas: Scientific Inquiry I, Quantitative Reasoning I, Research and Information Literacy. Note that this information may change at any time. Please visit the MyBU Student Portal for the most up-to-date course information. Note that this information may change at any time. Read the full terms of use.  "
CAS BI 107,Biology 1,,,,,,"For students who plan to major in the natural sciences or environmental science, and for premedical students. Required for biology majors. No prerequisite. The evolution and diversity of life; principles of ecology; behavioral biology. Three hours lecture, three hours lab including several field studies. Carries natural science divisional credit (with lab) in CAS. Effective Fall 2018, this course fulfills a single unit in each of the following BU Hub areas: Scientific Inquiry I, Quantitative Reasoning I, Critical Thinking, Research and Information Literacy. Note that this information may change at any time. Please visit the MyBU Student Portal for the most up-to-date course information. Note that this information may change at any time. Read the full terms of use.  "
CAS BI 108,Biology 2,,,,,,"For students planning to major in the natural sciences and for premedical students. Required for biology majors. It is strongly recommended students complete CAS CH 101 (or equivalent) before this course. High school biology is assumed. Biochemistry, cell & molecular biology, Mendelian & molecular genetics, physiology, and neurobiology. Three hours lecture, three hours lab. Carries natural science divisional credit (with lab) in CAS. Effective Fall 2018, this course fulfills a single unit in each of the following BU Hub areas: Scientific Inquiry II, Quantitative Reasoning II, Critical Thinking, Teamwork/Collaboration. Note that this information may change at any time. Please visit the MyBU Student Portal for the most up-to-date course information. Note that this information may change at any time. Read the full terms of use.  "
CAS BI 109,Biology 2 (Discussion),RESTRICTEDTOBUACADEMYSTUDENTS,,,,,Undergraduate Prerequisites: restricted to BU Academy students. - Discussion section for BU Academy students enrolled in CAS BI 108. Note that this information may change at any time. Please visit the MyBU Student Portal for the most up-to-date course information. Note that this information may change at any time. Read the full terms of use.  
CAS BI 114,Human Infectious Diseases,,,,,,"Not for Biology major or minor credit. A study of the world's major human diseases, their causes, effects on history, pathology, and cures. Principles of immunology. Emphasis on present maladies such as AIDS, herpes, cancer, mononucleosis, tuberculosis, influenza, and hepatitis. This course is appropriate for non- majors and students in the health and paramedical sciences (Sargent College). Three hours lecture, three hours lab. Carries natural science divisional credit (with lab) in CAS. Effective Fall 2018, this course fulfills a single unit in each of the following BU Hub areas: Scientific Inquiry I, Quantitative Reasoning II, Critical Thinking. Note that this information may change at any time. Please visit the MyBU Student Portal for the most up-to-date course information. Note that this information may change at any time. Read the full terms of use.  "
CAS BI 116,Biology 2 with Integrated Science Experience 1 Lab,CAS CH 101FIRSTYEARWRITINGSEMINARE,,,,,"Undergraduate Prerequisites: (CASCH101) First Year Writing Seminar (e.g., WR 100 or WR 120); Undergraduate Corequisites: (CASCH116) - Integration of general chemistry with biology and neuroscience, with an emphasis on how each discipline interacts experimentally. Laboratory focuses on projects relating to enzymes and their function. 3 lecture hours (meets with CAS Bl 108 lecture), 3 hours lab. Effective Fall 2019, this course fulfills a single unit in each of the following BU Hub areas: Scientific Inquiry II, Quantitative Reasoning II, Writing-Intensive Course, Critical Thinking. Note that this information may change at any time. Please visit the MyBU Student Portal for the most up-to-date course information. Note that this information may change at any time. Read the full terms of use.  "
CAS BI 119,Sociobiology,,,,,,"Designed for non-science majors to fulfill natural science divisional requirements. The evolution of animal and human societies; the adaptive significance of social organization; altruism; cooperation; courtship and reproductive behavior; the genetics, development, and epigenetics of social behavior; human social evolution; evolutionary psychology; religion; impact of evolutionary theory on social thought. Three hours lecture plus discussion. Carries natural science divisional credit (without lab) in CAS. Effective Fall 2018, this course fulfills a single unit in each of the following BU Hub areas: Philosophical Inquiry and Life's Meanings, Scientific Inquiry I, Critical Thinking. Note that this information may change at any time. Please visit the MyBU Student Portal for the most up-to-date course information. Note that this information may change at any time. Read the full terms of use.  "
CAS BI 126,Human Genetics,,,,,,"Classical and molecular genetics, advances in genetic technologies, and social/ethical issues related to genetic testing. Designed for science and non- science majors but cannot fulfill Biology/BMB major/minor or pre-medical requirements. Students cannot receive credit for both CAS BI 126 and BI 206/216. Effective Fall 2020, this course fulfills a single unit in each of the following BU Hub areas: Oral and/or Signed Communication, Scientific Inquiry I, Research and Information Literacy. Note that this information may change at any time. Please visit the MyBU Student Portal for the most up-to-date course information. Note that this information may change at any time. Read the full terms of use.  "
CAS BI 140,First Year Research in Biology 1,,,,,,First semester first year research in Biology. Application through the Biology Department. Minimum 6 hours/week. Students conduct research under supervision of faculty mentor. Two-credit research does not carry major credit in Biology. Note that this information may change at any time. Please visit the MyBU Student Portal for the most up-to-date course information. Note that this information may change at any time. Read the full terms of use.  
CAS BI 141,First Year Research in Biology 2,,,,,,Second semester first year research in Biology. Application through the Biology Department. Minimum 6 hours/week. Students conduct research under supervision of faculty mentor. Two-credit research does not carry major credit in Biology. Note that this information may change at any time. Please visit the MyBU Student Portal for the most up-to-date course information. Note that this information may change at any time. Read the full terms of use.  
CAS BI 171,Reading in Biology 1,FRESHMANST,"ING,CONSENTOFINSTRUCT OR ,",COMPLETEDAPPLICATION,,,"Undergraduate Prerequisites: freshman standing, consent of instructor, and completed application. - Library research on well-defined topic in the biological sciences, chosen with a faculty member. Check-in discussions with faculty member and additional work as assigned. Not a Biology/BMB major/minor elective and cannot be combined with another 2-credit course for elective credit. Note that this information may change at any time. Please visit the MyBU Student Portal for the most up-to-date course information. Note that this information may change at any time. Read the full terms of use.  "
CAS BI 172,Reading in Biology 1,FRESHMANST,"ING,CONSENTOFINSTRUCT OR ,",COMPLETEDAPPLICATION,,,"Undergraduate Prerequisites: freshman standing, consent of instructor, and completed application. - Library research on well-defined topic in the biological sciences, chosen with a faculty member. Check-in discussions with faculty member and additional work as assigned. Not a Biology/BMB major/minor elective and cannot be combined with another 2-credit course for elective credit. Note that this information may change at any time. Please visit the MyBU Student Portal for the most up-to-date course information. Note that this information may change at any time. Read the full terms of use.  "
CAS BI 203,Cell Biology,CAS BI 108 OR CAS NE 102,CAS CH 102,,,,"Undergraduate Prerequisites: (CASBI 108 OR CASNE 102) and CASCH 102 or equivalent; Undergraduate Corequisites: (CASCH 203) or equivalent. - Principles of cellular organization and function: biological molecules, flow of genetic information, membranes and subcellular organelles, and cell regulation. Three hours lecture, one hour discussion. Students may receive credit for CASBI 203 or 213, but not both courses. Effective Fall 2019, this course fulfills a single unit in each of the following BU Hub areas: Scientific Inquiry I, Quantitative Reasoning I, Critical Thinking. Note that this information may change at any time. Please visit the MyBU Student Portal for the most up-to-date course information. Note that this information may change at any time. Read the full terms of use.  "
CAS BI 206,Genetics,,,,,,"Prerequisites: CASBI 108 or equivalent. Corequisite: CASCH 203. - Principles of classical, molecular, and evolutionary genetics derived from analytical, molecular, and whole genome cytological evidence in animals, plants, and microorganisms. Three hours lecture, one hour discussion. Students may receive credit for CASBI 206 or 216, but not both courses. Effective Fall 2019, this course fulfills a single unit in each of the following BU Hub areas: Historical Consciousness, Quantitative Reasoning II, Critical Thinking. Note that this information may change at any time. Please visit the MyBU Student Portal for the most up-to-date course information. Note that this information may change at any time. Read the full terms of use.  "
CAS BI 210,Human Anatomy,CAS BI 105,,,,,"Undergraduate Prerequisites: (CASBI105) or equivalent. - Intensive preprofessional course for students whose programs require anatomy. Not for biology major or minor credit. Gross structure of the human body; skeletal, muscular, nervous, respiratory, circulatory, digestive, urinary, and reproductive systems. Three hours lecture, two hours lab (lab requires dissection). Carries natural science divisional credit (with lab) in CAS. Cannot be taken for credit in addition to the course with the same title formerly numbered CAS BI 106. Effective Spring 2020, this course fulfills a single unit in each of the following BU Hub areas: Scientific Inquiry I, Digital/Multimedia Expression, Creativity/Innovation. Note that this information may change at any time. Please visit the MyBU Student Portal for the most up-to-date course information. Note that this information may change at any time. Read the full terms of use.  "
CAS BI 211,Human Physiology,CAS BI 105 OR CAS BI 108,CAS BI 106 OR CAS BI 210,,,,"Undergraduate Prerequisites: (CASBI105 OR CASBI108) & (CASBI106 OR CASBI210); or equivalent. First Year Writing Seminar (e.g., WR 100 or WR 120) or equivalent. - Some knowledge of chemistry and anatomy assumed. Not for biology major or minor credit; Biology majors/minors should take CAS BI 315. Introduction to principles of systemic mammalian physiology with special reference to humans. Three hours lecture, three hours lab. Effective Fall 2019, this course fulfills a single unit in each of the following BU Hub areas: Scientific Inquiry II, Writing-Intensive Course, Critical Thinking, Teamwork/Collaboration. Effective Fall 2025, this course fulfills a single unit in each of the following BU Hub areas: Critical Thinking, Digital Multimedia Expression, Scientific Inquiry II. Note that this information may change at any time. Please visit the MyBU Student Portal for the most up-to-date course information. Note that this information may change at any time. Read the full terms of use.  "
CAS BI 213,Intensive Cell Biology,CAS BI 108,CAS CH 102S,,,,"Undergraduate Prerequisites: (CASBI 108 & CASCH 102) or equivalents; Undergraduate Corequisites: (CASCH 203) or equivalent. - Recommended for students in BMB and the Specialization in Cell Biology, Molecular Biology & Genetics. Alternative to CASBI 203 emphasizing experimental approaches and in-depth discussion. Molecular basis of cell biology, including genomics, subcellular organelles, cell signaling, stem cells, and cancer. Students may receive credit for CASBI 213 or 203, but not both courses. Effective Fall 2019, this course fulfills a single unit in each of the following BU Hub areas: Scientific Inquiry I, Quantitative Reasoning I, Research and Information Literacy. Note that this information may change at any time. Please visit the MyBU Student Portal for the most up-to-date course information. Note that this information may change at any time. Read the full terms of use.  "
CAS BI 216,Intensive Genetics,CAS BI 108,"BI203S,",CAS CH 203,,,"Undergraduate Prerequisites: CASBI 108 & BI 203 (or equivalents), and CASCH 203 or consent of instructor. Advanced alternative to CASBI 206, because (unlike BI206) BI216 does not repeat topics already taught in BI203 (or BI213) and also builds on fundamental information learned in B I203 (or BI 213). BI 216 also introduces students to reading research papers. Students in BI 216 attend lectures with students in BI 206 for the first half of the semester, after which BI 216 students are taught separately from BI 206 students. Principles of classical, molecular, and evolutionary genetics derived from analytical, molecular, and whole genome cytological evidence in animals, plants, and microorgansims. Three hours lecture, one hour discussion. Students may receive credit for CASBI 216 or 206, but not both courses. Effective Fall 2019, this course fulfills a single unit in each of the following BU Hub areas: Historical Consciousness, Quantitative Reasoning II, Research and Information Literacy. Note that this information may change at any time. Please visit the MyBU Student Portal for the most up-to-date course information. Note that this information may change at any time. Read the full terms of use.  "
CAS BI 218,Cell Biology with Integrated Science Experience II Lab,CAS BI 116,CAS CH 116,,,,"Undergraduate Prerequisites: CASBI 116 and CASCH 116 (or equivalent); or consent of instructor. First Year Writing Seminar (e.g., WR 100 or WR 120); Undergraduate Corequisites: CASCH 218. - Integration of cell biology with organic chemistry and neuroscience, with emphasis on how each discipline interacts experimentally. Laboratory focuses on synthesizing compounds and testing in biological systems. 3 lecture hours, 1 discussion hour, 4 hours lab, 2 hour lab discussion. Effective Fall 2019, this course fulfills a single unit in each of the following BU Hub areas: Scientific Inquiry II, Quantitative Reasoning II, Writing-Intensive Course, Teamwork/Collaboration. Note that this information may change at any time. Please visit the MyBU Student Portal for the most up-to-date course information. Note that this information may change at any time. Read the full terms of use.  "
CAS BI 225,Behavioral Biology,,,,,,"Prerequisites: CASBI 107 & CASBI 108 and First Year Writing Seminar (e.g., CASWR 100 or WR 120), and sophomore standing. - (Other students must fill out the waitlist - link in Notes. CASBI 225 and CASBI 407 cannot be taken concurrently and CASBI 225 cannot be taken following completion of CASBI 407.) Introduction to the genetics, physiology, neurobiology, ecology, and evolution of behavior. Topics include gene/environment interaction, hormones and behavior, neuroethology, communication, reproductive behavior, evolution of cooperation and altruism, cognition and brain evolution. Emphasis on integrative analysis. Effective Fall 2021, this course fulfills a single unit in each of the following BU Hub areas: Oral and/or Signed Communication, Writing-Intensive Course, Philosophical Inquiry and Life's Meanings. Note that this information may change at any time. Please visit the MyBU Student Portal for the most up-to-date course information. Note that this information may change at any time. Read the full terms of use.  "
CAS BI 230,Behavioral Endocrinology,CAS BI 108 OR CAS NE 102,SOPHOM OR EST,ING,,,"Undergraduate Prerequisites: (CASBI108 OR CASNE102) and sophomore standing. - Hormonal control of reproductive behaviors and social affiliation, aggression, fluid homeostasis and feeding, biological rhythms including seasonal reproduction, stress, learning and memory, psychiatric illness, and steroid abuse. Three hours lecture, one hour discussion. Also offered as CAS NE 230. Effective Fall 2019, this course fulfills a single unit in each of the following BU Hub areas: Scientific Inquiry I, Oral and/or Signed Communication, Teamwork/Collaboration. Note that this information may change at any time. Please visit the MyBU Student Portal for the most up-to-date course information. Note that this information may change at any time. Read the full terms of use.  "
CAS BI 240,Sophomore Research in Biology 1,,,,,,First semester sophomore research in Biology. Application through the Biology Department. Minimum 6 hours/week. Students conduct research under supervision of faculty mentor. Two-credit research does not carry major credit in Biology. Note that this information may change at any time. Please visit the MyBU Student Portal for the most up-to-date course information. Note that this information may change at any time. Read the full terms of use.  
CAS BI 241,Sophomore Research in Biology 2,,,,,,Second semester sophomore research in Biology. Application through the Biology Department. Minimum 6 hours/week. Students conduct research under supervision of faculty mentor. Two-credit research does not carry major credit in Biology. Note that this information may change at any time. Please visit the MyBU Student Portal for the most up-to-date course information. Note that this information may change at any time. Read the full terms of use.  
CAS BI 260,Marine Biology,CAS BI 107,,,,,"Undergraduate Prerequisites: (CASBI107) or consent of instructor. - Life in the seas: its ecology, evolution, and human impacts. Includes behavioral, physiological, structural, ecological, and evolutionary perspectives. A prerequisite for the Marine Semester. Three hours lecture, one hour discussion. Effective Spring 2019, this course fulfills a single unit in each of the following BU Hub areas: Scientific Inquiry I, Critical Thinking, Research and Information Literacy. Note that this information may change at any time. Please visit the MyBU Student Portal for the most up-to-date course information. Note that this information may change at any time. Read the full terms of use.  "
CAS BI 271,Reading in Biology II,SOPHOM OR EST,"ING,CONSENTOFINSTRUCT OR ,",COMPLETEDAPPLICATION,,,"Undergraduate Prerequisites: sophomore standing, consent of instructor, and completed application. - Library research on well-defined topic in the biological sciences, chosen with a faculty member. Check-in discussions with faculty member and additional work as assigned. Not a Biology/BMB major/minor elective and cannot be combined with another 2-credit course for elective credit. Note that this information may change at any time. Please visit the MyBU Student Portal for the most up-to-date course information. Note that this information may change at any time. Read the full terms of use.  "
CAS BI 272,Reading in Biology II,SOPHOM OR EST,"ING,CONSENTOFINSTRUCT OR ,",COMPLETEDAPPLICATION,,,"Undergraduate Prerequisites: sophomore standing, consent of instructor, and completed application. - Library research on well-defined topic in the biological sciences, chosen with a faculty member. Check-in discussions with faculty member and additional work as assigned. Not a Biology/BMB major/minor elective and cannot be combined with another 2-credit course for elective credit. Note that this information may change at any time. Please visit the MyBU Student Portal for the most up-to-date course information. Note that this information may change at any time. Read the full terms of use.  "
CAS BI 282,Fundamentals of Biology 2,"CAS CH 182,",CONSENTOFINSTRUCT OR ,,,,"Undergraduate Prerequisites: (CASCH182) or equivalent, and consent of instructor. - Limited to seven-year medical students. Principles of classical, molecular, and evolutionary genetics derived from analytical, molecular, and whole genome cytological evidence in animals, plants, and microorganisms. Three hours lecture, one hour discussion. Effective Fall 2019, this course fulfills a single unit in each of the following BU Hub areas: Historical Consciousness, Quantitative Reasoning II, Critical Thinking. Note that this information may change at any time. Please visit the MyBU Student Portal for the most up-to-date course information. Note that this information may change at any time. Read the full terms of use.  "
CAS BI 294,Topics in Biology 2,,,,,,Topics and prerequisites vary. Note that this information may change at any time. Please visit the MyBU Student Portal for the most up-to-date course information. Note that this information may change at any time. Read the full terms of use.  
CAS BI 302,Vertebrate Zoology,CAS BI 107,,,,,"Undergraduate Prerequisites: (CASBI107) - Methods and principles of comparative vertebrate zoology. Phylogeny, natural history, adaptation, and taxonomy. Laboratory emphasis on correlation among structural, physiological, and evolutionary features of selected vertebrates by both dissection and experimentation. Field trips. Two hours lecture, six hours lab. Effective Fall 2019, this course fulfills a single unit in each of the following BU Hub areas: Historical Consciousness, Scientific Inquiry II, Critical Thinking. Note that this information may change at any time. Please visit the MyBU Student Portal for the most up-to-date course information. Note that this information may change at any time. Read the full terms of use.  "
CAS BI 303,Evolutionary Ecology,CAS BI 107,CAS BI 206,CAS MA 121/123RECOMMENDED,,,"Undergraduate Prerequisites: (CASBI 107); CASBI 206 and CASMA 121/123 recommended. - Investigation of ecological processes and patterns at the individual, population, and community level. An evolutionary approach is emphasized. Three hours lecture, three hours lab. One research paper and one daylong field trip required. Effective Fall 2019, this course fulfills a single unit in each of the following BU Hub areas: Scientific Inquiry II, Quantitative Reasoning II, Digital/Multimedia Expression. Note that this information may change at any time. Please visit the MyBU Student Portal for the most up-to-date course information. Note that this information may change at any time. Read the full terms of use.  "
CAS BI 305,Plant Biology,CAS BI 107,CAS BI 108,,,,"Undergraduate Prerequisites: (CASBI107 & CASBI108) - A basic introduction to the plant sciences, including plant structure and diversity; reproduction, growth, and development; and economic and medicinal uses. Emphasis on new developments in the plant sciences. Three hours lecture, three hours lab. Note that this information may change at any time. Please visit the MyBU Student Portal for the most up-to-date course information. Note that this information may change at any time. Read the full terms of use.  "
CAS BI 306,Biology of Global Change,CAS BI 107RECOMMENDED:CAS CH 101 OR CAS CH 171,,,,,"Undergraduate Prerequisites: (CASBI107) Recommended: CASCH101 or CASCH171. - The ecological impacts of human activity on terrestrial and aquatic ecosystems. Climate change, forest decline, eutrophication, acidification, loss of species diversity, and restoration of ecosystems. Three hours lecture, three hours lab. Effective Fall 2019, this course fulfills a single unit in each of the following BU Hub areas: Scientific Inquiry II, Ethical Reasoning, Research and Information Literacy. Note that this information may change at any time. Please visit the MyBU Student Portal for the most up-to-date course information. Note that this information may change at any time. Read the full terms of use.  "
CAS BI 309,Evolution,CAS BI 107,CAS BI 108,,,,"Undergraduate Prerequisites: (CASBI107 & CASBI108) or equivalent. - Introduction to modern concepts, controversies, and analytical approaches in evolutionary biology. Topics include adaptation, natural and sexual selection, species and speciation, phylogenetics, comparative analysis, basic population and quantitative genetics, origin of novelty, adaptive radiation, development and evolution. Effective Fall 2019, this course fulfills a single unit in the following BU Hub area: Ethical Reasoning. Note that this information may change at any time. Please visit the MyBU Student Portal for the most up-to-date course information. Note that this information may change at any time. Read the full terms of use.  "
CAS BI 310,"Human Structure & Function: Anatomy, Histology and Pathology",BI108,"203,",,,,"Undergraduate Prerequisites: BI 108 and 203, or equivalent. - Examines the cells and tissues that make up our organs (histology), the structure and interactions of the organ systems (anatomy), and how disease reshapes our bodies (pathology). As a secondary focus, this course also studies and critiques educational media related to human anatomy, and builds introductory competency in health communication. Three hours lecture, three hours lab. Effective Fall 2019, this course fulfills a single unit in each of the following BU Hub areas: Scientific Inquiry I, Digital/Multimedia Expression, Creativity/Innovation. Note that this information may change at any time. Please visit the MyBU Student Portal for the most up-to-date course information. Note that this information may change at any time. Read the full terms of use.  "
CAS BI 311,General Microbiology,CAS BI 203,CAS BI 206,,,,"Undergraduate Prerequisites: (CASBI203 & CASBI206) or consent of instructor. First Year Writing Seminar (e.g., WR 100 or WR 120) - The biology of bacteria, viruses, fungi, algae, and protistans, including introduction to morphology, physiology, genetics, metabolism, ecology, and pathogenesis. Covers the basics of antibiotic resistance, motility, quorum sensing, symbiosis, epidemiology, and microbiome science. Effective Fall 2020, this course fulfills a single unit in each of the following BU Hub areas: Writing-Intensive Course, Scientific Inquiry II, Teamwork/Collaboration. Note that this information may change at any time. Please visit the MyBU Student Portal for the most up-to-date course information. Note that this information may change at any time. Read the full terms of use.  "
CAS BI 315,Systems Physiology,"CAS BI 108 OR ENG BE 209,",CAS CH 101,"CAS CH 102,",,,"Undergraduate Prerequisites: (CASBI 108 OR ENGBE 209), and CASCH 101 and CASCH 102, or equivalent. First Year Writing Seminar (e.g., WR 100 or WR 120). - An introduction to physiological principles applied across all levels of organization (cell, tissue, organ system). Preparation for more advanced courses in physiology. Topics include homeostasis and neural, muscle, respiratory, cardiovascular, renal, endocrine, gastrointestinal, and metabolic physiology. Three hours lecture, three hours lab. Effective Fall 2019, this course fulfills a single unit in each of the following BU Hub areas: Scientific Inquiry II, Writing-Intensive Course, Critical Thinking, Teamwork/Collaboration. Note that this information may change at any time. Please visit the MyBU Student Portal for the most up-to-date course information. Note that this information may change at any time. Read the full terms of use.  "
CAS BI 325,Principles of Neuroscience,CAS BI 203,,,,,"Undergraduate Prerequisites: (CASBI203) or consent of instructor. - Introduces fundamentals of the nervous system at descriptive scales ranging from individual cells to the entire brain. Topics include biophysics of excitable membranes, synaptic transmission, sensory and motor systems, learning and memory, plasticity, neuromodulation, and the biological basis of complex behaviors. Effective Fall 2019, this course fulfills a single unit in each of the following BU Hub areas: Scientific Inquiry II, Critical Thinking. Note that this information may change at any time. Please visit the MyBU Student Portal for the most up-to-date course information. Note that this information may change at any time. Read the full terms of use.  "
CAS BI 328,Cell Biology and Translational Medicine,CAS BI 203,,,,,"Undergraduate Prerequisites: CASBI 203. This course offers an in-depth exploration of the cell biology mechanisms and treatment strategies associated with several significant diseases including heart disease, cancer, respiratory, Alzheimer's and viral diseases. Students will primarily engage with recent research papers that employ cutting-edge molecular techniques. Effective Spring 2025, this course fulfills a single unit in each of the following BU Hub areas: Scientific Inquiry II, Teamwork/Collaboration. Note that this information may change at any time. Please visit the MyBU Student Portal for the most up-to-date course information. Note that this information may change at any time. Read the full terms of use.  "
CAS BI 333,Human Population Genetics,,,,,,"Human population biology and ecological adaptations: human demography, life history patterns, population genetics, and physiological adaptability. Topics: population dynamics of human societies, mortality and fertility schedules, evolution and genetics of human life history traits, physiological adaptability, and ecological correlates. Effective Fall 2020, this course fulfills a single unit in each of the following BU Hub areas: Quantitative Reasoning II, Scientific Inquiry II, Research and Information Literacy. Note that this information may change at any time. Please visit the MyBU Student Portal for the most up-to-date course information. Note that this information may change at any time. Read the full terms of use.  "
CAS BI 340,Junior Research in Biology 1 (2 Credits),JUNI OR ST,ING,,,,"Undergraduate Prerequisites: junior standing. - First semester junior research including training in use of research literature. Conduct research under supervision of faculty mentor. Group meeting attendance required. Application through Biology Department. Minimum 6 hrs/wk. Not a Biology major/minor elective and cannot be combined with another 2-credit course for elective credit. Effective Fall 2020, this course fulfills a single unit in the following BU Hub area: Research and Information Literacy. Note that this information may change at any time. Please visit the MyBU Student Portal for the most up-to-date course information. Note that this information may change at any time. Read the full terms of use.  "
CAS BI 341,Junior Research in Biology 2 (2 Credits),JUNI OR ST,ING,"ONEOFTHEFOLLOWING:BI340,BI350, OR FULL",,,"Undergraduate Prerequisites: junior standing and one of the following: BI 340, BI 350, or full-time summer UROP. - Second semester junior research required participation in group meetings. Conduct research under supervision of faculty mentor. Group meeting participation required. Application through Biology Department. Minimum 6 hrs/wk. Not a Biology major/minor elective and cannot be combined with another 2-credit course for elective credit. Effective Fall 2020, this course fulfills a single unit in the following BU Hub area: Oral and/or Signed Communication. Note that this information may change at any time. Please visit the MyBU Student Portal for the most up-to-date course information. Note that this information may change at any time. Read the full terms of use.  "
CAS BI 349,"Neurotoxins in Biology, Medicine, Agriculture and War",BI108 OR NE102,,,,,"Undergraduate Prerequisites: BI108 or NE102 or equivalent - Neurotoxins used as a lens to study the consequences of venom on mammalian physiological systems; potential clinical applications of neurotoxins; neurotoxins at cellular and molecular levels; mechanisms and possible impacts of neurotoxic pesticides; and physiological effects of neurotoxic chemical weapons. Effective Fall 2019, this course fulfills a single unit in each of the following BU Hub areas: Quantitative Reasoning I, Critical Thinking. Note that this information may change at any time. Please visit the MyBU Student Portal for the most up-to-date course information. Note that this information may change at any time. Read the full terms of use.  "
CAS BI 350,Junior Research in Biology 1 (4 Credits),JUNI OR ST,ING,,,,"Undergraduate Prerequisites: junior standing. - First semester junior research including training in the use of research literature and active participation at group meetings. Application through the Biology Department. Students conduct research under supervision of a faculty mentor. Attendance at group meetings required. Minimum 12 hrs/wk in lab or fieldwork, data analysis, and writing. Effective Fall 2020, this course fulfills a single unit in each of the following BU Hub areas: Oral and/or Signed Communication, Research and Information Literacy. Note that this information may change at any time. Please visit the MyBU Student Portal for the most up-to-date course information. Note that this information may change at any time. Read the full terms of use.  "
CAS BI 351,Junior Research in Biology 2 (4 Credits),JUNI OR ST,ING,"EITHERBI340,BI350, OR FULL",,,"Undergraduate Prerequisites: junior standing and either BI 340, BI 350, or full-time summer UROP. - Second semester research with junior standing including training in the use of research literature. Application through the Biology Department. Students conduct research under supervision of a faculty mentor. Students expected to attend group meetings and take a lead and make creative contributions to projects. Minimum 12 hrs/wk in lab or fieldwork, data analysis, and writing. Effective Fall 2020, this course fulfills a single unit in each of the following BU Hub areas: Creativity/Innovation, Research and Information Literacy. Note that this information may change at any time. Please visit the MyBU Student Portal for the most up-to-date course information. Note that this information may change at any time. Read the full terms of use.  "
CAS BI 352,Junior Research in Biology 3,JUNI OR ST,"ING,FIRST",,,,"Undergraduate Prerequisites: junior standing, First-Year Writing (e.g., WR 100 or WR 120), and eith er BI 351 or 341. - Third semester research with junior standing including required participation in group meetings. Application through the Biology Department. Students conduct research under supervision of a faculty mentor. Attendance at group meetings and final report required. Students expected to take a lead and make creative contributions to projects. Attendance at group meetings and final report required. Minimum 12 hours/week in lab or fieldwork, data analysis, and writing. Effective Fall 2020, this course fulfills a single unit in each of the following BU Hub areas: Writing-Intensive Course, Creativity/Innovation. Note that this information may change at any time. Please visit the MyBU Student Portal for the most up-to-date course information. Note that this information may change at any time. Read the full terms of use.  "
CAS BI 371,Reading in Biology 3,JUNI OR ST,"ING,CONSENTOFINSTRUCT OR ,",COMPLETEDAPPLICATION,,,"Undergraduate Prerequisites: junior standing, consent of instructor, and completed application. - Library research on well-defined topic in the biological sciences, chosen with a faculty member. Check-in discussions with faculty member and additional work as assigned. Not a Biology/BMB major/minor elective and cannot be combined with another 2-credit course for elective credit. Note that this information may change at any time. Please visit the MyBU Student Portal for the most up-to-date course information. Note that this information may change at any time. Read the full terms of use.  "
CAS BI 372,Reading in Biology 3,JUNI OR ST,"ING,CONSENTOFINSTRUCT OR ,",COMPLETEDAPPLICATION,,,"Undergraduate Prerequisites: junior standing, consent of instructor, and completed application. - Library research on well-defined topic in the biological sciences, chosen with a faculty member. Check-in discussions with faculty member and additional work as assigned. Not a Biology/BMB major/minor elective and cannot be combined with another 2-credit course for elective credit. Note that this information may change at any time. Please visit the MyBU Student Portal for the most up-to-date course information. Note that this information may change at any time. Read the full terms of use.  "
CAS BI 385,Immunology,CAS BI 203,CAS BI 206,JUNI OR ST,ING,,"Undergraduate Prerequisites: (CASBI203 & CASBI206) and junior standing. - The constituents and regulation of mammalian immune systems are described at the levels of the gene, protein, and cell. Topics include nonspecific, T cell and B cell recognition and responses, genetics of immune receptors, inflammation, tolerance, memory, and evolution and manipulation of defense systems. Three hours lecture, one hour discussion. Note that this information may change at any time. Please visit the MyBU Student Portal for the most up-to-date course information. Note that this information may change at any time. Read the full terms of use.  "
CAS BI 394,Topics in Biology 3,,,,,,"Topics and prerequisites vary. Topic for Fall 2023: Tabletop Game Design for Biology Education. Theory/methods of designing tabletop games as biology teaching tools in classroom settings or to public. Develop a prototype game and improve it with playtests and iterative feedback from your peers. Techniques learned are applicable to other forms of science communication and interactive experience design. Prereq: CAS BI 107 and 108, or consent of instructor. Note that this information may change at any time. Please visit the MyBU Student Portal for the most up-to-date course information. Note that this information may change at any time. Read the full terms of use.  "
CAS BI 401,Honors Research In Biology,SENI OR ST,"ING,OVERALLGPAOFATLEAST3",,,,"Undergraduate Prerequisites: senior standing, overall GPA of at least 3.5, and approval of the Biology Research and Honors Committee. - Mentored laboratory or field research with a faculty member of the Biology Department leading to, but not required for, graduation with Honors in Biology. Minimum 12 hours/week in lab or fieldwork, data analysis, and writing. A minimum of B+ is required to continue to BI 402. Effective Fall 2020, this course fulfills a single unit in each of the following BU Hub areas: Oral and/or Signed Communication, Research and Information Literacy. Note that this information may change at any time. Please visit the MyBU Student Portal for the most up-to-date course information. Note that this information may change at any time. Read the full terms of use.  "
CAS BI 402,Honors Research in Biology,SENI OR ST,"ING,OVERALLGPAOFATLEAST3",,,,"Undergraduate Prerequisites: senior standing, overall GPA of at least 3.5, First Year Writing Seminar (e.g., WR 100 or WR 120), and approval of the Biology Research & Honors Committee. - At least one semester of prior undergraduate research for credit required. Mentored laboratory or field research with a faculty member of the Biology Department leading to graduation with Honors in Biology. Minimum 12 hours/week in lab or fieldwork, data analysis, and writing. Successful completion of this course, with a minimum grade of B+, is required to graduate with honors. Effective Fall 2020, this course fulfills a single unit in each of the following BU Hub areas: Writing-Intensive Course, Creativity/Innovation, Research and Information Literacy. Note that this information may change at any time. Please visit the MyBU Student Portal for the most up-to-date course information. Note that this information may change at any time. Read the full terms of use.  "
CAS BI 407,Animal Behavior,CAS BI 107,,,,,"Undergraduate Prerequisites: (CASBI107) or equivalent. - Ethological approach to animal behavior; physiological, ontogenic, and phylogenic causes; and adaptive significance of behavior examined within an evolutionary framework, minimally including humans. Three hours lecture, three hours lab. Effective Fall 2020, this course fulfills a single unit in each of the following BU Hub areas: Ethical Reasoning, Philosophical Inquiry and Life's Meanings, Research and Information Literacy. Note that this information may change at any time. Please visit the MyBU Student Portal for the most up-to-date course information. Note that this information may change at any time. Read the full terms of use.  "
CAS BI 408,Insect Biology,CAS BI 107,CAS BI 108CAS BI 303ISRECOMMENDED,,,,"Undergraduate Prerequisites: (CASBI107 & CASBI108) CAS BI 303 is recommended. - The biology of insects, focusing on insect diversity and complexity. Topics include ecology, evolution, behavior, development and physiology of insects. Three hours lecture, three hours lab. Students build insect collections in lab. Note that this information may change at any time. Please visit the MyBU Student Portal for the most up-to-date course information. Note that this information may change at any time. Read the full terms of use.  "
CAS BI 410,Developmental Biology,CAS BI 203,,,,,"Undergraduate Prerequisites: (CAS BI 203 or equivalent) or consent of instructor. - Contemporary aspects of embryonic development, drawing from current literature. Emphasis on the use of experimental approaches to address topics such as polarity in the egg, body axis specification, embryonic patterning, and organogenesis. Three hours lecture, one hour discussion. Note that this information may change at any time. Please visit the MyBU Student Portal for the most up-to-date course information. Note that this information may change at any time. Read the full terms of use.  "
CAS BI 411,Microbiome: Our Intimate Relationship with Microorganisms,CAS BI 203,"CAS BI 206,",,,,"Undergraduate Prerequisites: CASBI203 (or equivalent) & CASBI206 (or equivalent), or consent of ins tructor. - The microbial community - referred to as ""microbiome"" - that colonizes our body plays an important role in our health. Topics include (1) the human microbiome; and (2) fundamental aspects of the interactions between animals and the microorganisms that reside on them. Three hours lecture; one hour discussion. Note that this information may change at any time. Please visit the MyBU Student Portal for the most up-to-date course information. Note that this information may change at any time. Read the full terms of use.  "
CAS BI 413,Microbial Ecology,CAS BI 107,CAS BI 108,CAS CH 101,CAS CH 102,,"Undergraduate Prerequisites: (CASBI107 & CASBI108 & CASCH101 & CASCH102) - Microbes (bacteria, archaea, and fungi) are the most diverse, abundant living organisms and microbial communities are key contributors to ecosystems. Topics include microbial cell structure and physiology, microbe-microbe interactions including biofilm formation and quorum sensing, and microbe-environment interactions. Note that this information may change at any time. Please visit the MyBU Student Portal for the most up-to-date course information. Note that this information may change at any time. Read the full terms of use.  "
CAS BI 414,Ornithology,CAS BI 107,,,,,"Undergraduate Prerequisites: (CASBI107) - Examines the behavior, ecology, morphology, physiology, classification, and evolution of birds. Flight, navigation, migration, territorial courtship, nesting, and parental behavior. Field trips. Three hours lecture, one hour discussion and demonstrations. Effective Fall 2020, this course fulfills a single unit in each of the following BU Hub areas: Historical Consciousness, Scientific Inquiry II, Critical Thinking. Note that this information may change at any time. Please visit the MyBU Student Portal for the most up-to-date course information. Note that this information may change at any time. Read the full terms of use.  "
CAS BI 423,Marine Biogeochemistry,CAS CH 101,CAS CH 102 OR BUMPSEMESTER,"CAS EE 144,",,,"Undergraduate Prerequisites: CASCH 101 and CASCH 102 or BUMP semester and CASEE 144, or consent of instructor. - Oceanic nutrient and biogeochemical cycling in the context of the marine response to global change. Links between local and global scales are emphasized. Topics include oceanic productivity, iron limitation, oceanic glacial carbon dioxide budget, biogenic particle fluxes, oceanic glacial-interglacial biogeochemistry. Effective Fall 2020, this course fulfills a single unit in each of the following BU Hub areas: Philosophical Inquiry and Life's Meanings, Scientific Inquiry II, Research and Information Literacy. Note that this information may change at any time. Please visit the MyBU Student Portal for the most up-to-date course information. Note that this information may change at any time. Read the full terms of use.  "
CAS BI 443,Terrestrial Biogeochemistry,CAS BI 107 OR CAS ES 105,"CAS CH 101/102,",,,,"Undergraduate Prerequisites: CASBI 107 or CASE S105 and CASCH 101/102, or consent of instructor. - The patterns and processes controlling carbon and nutrient cycling in terrestrial ecosystems. Links between local and global scales are emphasized. Topics include net primary production, nutrient use efficiency, and biogeochemical transformation. Note that this information may change at any time. Please visit the MyBU Student Portal for the most up-to-date course information. Note that this information may change at any time. Read the full terms of use.  "
CAS BI 445,Cellular and Molecular Neurophysiology,CAS BI 203 OR CAS BI 315 OR CAS BI 325 OR CAS NE 203,,,,,"Undergraduate Prerequisites: (CASBI203 OR CASBI315 OR CASBI325 OR CASNE203) or consent of instructor. - Cellular and molecular basis of neural excitability and synaptic transmission. The molecular understanding of ion channels is extrapolated to higher brain functions such as learning, memory, and sleep. Three hours lecture, three hours lab, one hour pre-lab. Also offered as CAS NE 445. Note that this information may change at any time. Please visit the MyBU Student Portal for the most up-to-date course information. Note that this information may change at any time. Read the full terms of use.  "
CAS BI 448,Biodiversity and Conservation Biology,CAS BI 303 OR CAS BI 306,,,,,"Undergraduate Prerequisites: (CASBI303 OR CASBI306) or consent of instructor. - The study of biological diversity and modern methods to protect endangered plant and animal species. The environment, population, and genetic and human factors that affect the survival of species are examined for temperate and tropical communities, as well as terrestrial and aquatic habitats. Three hours lecture, one hour discussion. Effective Fall 2020, this course fulfills a single unit in each of the following BU Hub areas: Oral and/or Signed Communication, Ethical Reasoning. Note that this information may change at any time. Please visit the MyBU Student Portal for the most up-to-date course information. Note that this information may change at any time. Read the full terms of use.  "
CAS BI 449,Neuroscience Design Lab,CAS BI 315 OR CAS BI 325 OR CAS NE 203,,,,,"Undergraduate Prerequisites: (CASBI 315 OR CASBI 325 OR CASNE 203); or consent of instructor. - Design and build devices for neuroscience experiments. Interface sensors with computers using Arduino microprocessors. Guided exercises followed by independent design projects to quantify human sensory and motor performance, or emulate animal sensory-motor circuits. All levels of programming experience accepted. Also offered as CASNE 449. Note that this information may change at any time. Please visit the MyBU Student Portal for the most up-to-date course information. Note that this information may change at any time. Read the full terms of use.  "
CAS BI 450,Senior Research in Biology 1,SENI OR ST,ING,,,,"Undergraduate Prerequisites: senior standing. - First semester senior research including training in the use of research literature and active participation at group meetings. Application through the Biology Department. Students conduct research under supervision of a faculty mentor. Attendance at group meetings required. Minimum 12 hrs/wk in lab or fieldwork, data analysis, and writing. Effective Fall 2020, this course fulfills a single unit in each of the following BU Hub areas: Oral and/or Signed Communication, Research and Information Literacy. Note that this information may change at any time. Please visit the MyBU Student Portal for the most up-to-date course information. Note that this information may change at any time. Read the full terms of use.  "
CAS BI 451,Senior Research in Biology 2,SENI OR ST,ING,"EITHERBI340,BI350,BI450, OR FULL",,,"Undergraduate Prerequisites: senior standing and either BI 340, BI 350, BI 450, or full-time summer UROP. - Second semester research with senior standing, including the use of the research literature. Application through the Biology Department. Students conduct research under supervision of a faculty mentor. Students expected to attend group meetings and take a lead and make creative contributions to projects. Minimum 12 hrs/wk in lab or fieldwork, data analysis, and writing. Effective Fall 2020, this course fulfills a single unit in each of the following BU Hub areas: Creativity/Innovation, Research and Information Literacy. Note that this information may change at any time. Please visit the MyBU Student Portal for the most up-to-date course information. Note that this information may change at any time. Read the full terms of use.  "
CAS BI 452,Senior Research in Biology 3,CAS BI 315FIRSTYEARWRITINGSEMINARE,,,,,"Undergraduate Prerequisites: (CASBI315) First Year Writing Seminar (e.g., WR 100 or WR 120); senior standing a nd either BI 340, BI 350, BI 450, or full-time summer UROP. - Third semester research with senior standing, including the use of research literature. Application through the Biology Department. Students conduct research under supervision of a faculty mentor. Attendance at group meetings and final report required. Students expected to take a lead and make creative contributions to projects. Effective Fall 2020, this course fulfills a single unit in each of the following BU Hub areas: Writing-Intensive Course, Creativity/Innovation. Note that this information may change at any time. Please visit the MyBU Student Portal for the most up-to-date course information. Note that this information may change at any time. Read the full terms of use.  "
CAS BI 453,Senior Research in Biology 4,SENI OR ST,ING,CAS BI 352 OR 452,,,"Undergraduate Prerequisites: senior standing and CASBI 352 or 452; Undergraduate Corequisites: (CASBI 497 OR CASBI 498). - Fourth semester research with senior standing. Application through the Biology Department. Students conduct research under supervision of a faculty mentor. Attendance at group meetings and final report required. Minimum 12 hrs/wk in lab or fieldwork, data analysis, and writing. Students develop research presentation skills in co-requisite seminar course, BI 497 or BI 498. Note that this information may change at any time. Please visit the MyBU Student Portal for the most up-to-date course information. Note that this information may change at any time. Read the full terms of use.  "
CAS BI 455,Developmental Neurobiology,CAS BI 203 OR CAS BI 325 OR CAS NE 203,,,,,"Undergraduate Prerequisites: CASBI 203 or CASBI 325 or CASNE 203 or consent of instructor. - Fundamental principles of developmental neurobiology, stressing molecular mechanisms that underlie early neural development, differentiation, process outgrowth, and behavior. Two hours lecture, two hours paper presentation and discussion. Note that this information may change at any time. Please visit the MyBU Student Portal for the most up-to-date course information. Note that this information may change at any time. Read the full terms of use.  "
CAS BI 459,Biochemistry 2,,,,,,BIOCHEM-2 LEC Note that this information may change at any time. Please visit the MyBU Student Portal for the most up-to-date course information. Note that this information may change at any time. Read the full terms of use.  
CAS BI 471,Readings in Biology,JUNI OR  OR SENI OR ST,"ING,CONSENTOFINSTRUCT OR ,",COMPLETEDAPPLICATION,,,"Undergraduate Prerequisites: junior or senior standing, consent of instructor, and completed applic ation. - Intensive library research on well-defined topic in biological sciences, chosen with a faculty member. May be taken as preparation for Undergraduate Research/Honors Research. Not a Biology/BMB major/minor elective and cannot be combined with another 2-credit course for elective credit. Note that this information may change at any time. Please visit the MyBU Student Portal for the most up-to-date course information. Note that this information may change at any time. Read the full terms of use.  "
CAS BI 472,Readings in Biology,JUNI OR  OR SENI OR ST,"ING,CONSENTOFINSTRUCT OR ,",COMPLETEDAPPLICATION,,,"Undergraduate Prerequisites: junior or senior standing, consent of instructor, and completed applic ation. - Intensive library research on well-defined topic in biological sciences, chosen with a faculty member. May be taken as preparation for Undergraduate Research/Honors Research. Not a Biology/BMB major/minor elective and cannot be combined with another 2-credit course for elective credit. Note that this information may change at any time. Please visit the MyBU Student Portal for the most up-to-date course information. Note that this information may change at any time. Read the full terms of use.  "
CAS BI 475,Urban Ecology,CAS EE 100 OR CAS EE 101,"ONEOFTHEFOLLOWING:CAS BI 306,CAS BI 443 OR GRSBI643,CAS EE 456 OR GRSEE656, OR CAS BI 530 OR CAS EE 530",,,,"Undergraduate Prerequisites: (CASEE100 OR CASEE101) and one of the following: CAS BI 306, CAS BI 443 or GRS BI 643, CAS EE 456 or GRS EE 656, or CAS BI 530 or CAS EE 530; or consent of instruc tor. - The biophysical environments and ecology of urban settlements. Key topics include the physical environment, patterns in human population growth and development, ecosystem structure and function, global change, urban environment pollution and management, and sustainable urban development. Effective Spring 2022, this course fulfills a single unit in each of the following BU Hub areas: Historical Consciousness, Scientific Inquiry II, Teamwork/Collaboration. Note that this information may change at any time. Please visit the MyBU Student Portal for the most up-to-date course information. Note that this information may change at any time. Read the full terms of use.  "
CAS BI 481,Molecular Biology of the Neuron,CAS BI 203,,,,,"Undergraduate Prerequisites: CASBI 203 - Topics include electrical properties of neurons, a survey of neurotransmitters, molecular structure and function of receptors, synaptic transmission, intracellular signaling, and the molecular biology governing neurodevelopment and neurological disorders. Three hours lecture, one hour discussion. Effective Spring 2021, this course fulfills a single unit in each of the following BU Hub areas: Oral and/or Signed Communication, Scientific Inquiry II, Research and Information Literacy. Note that this information may change at any time. Please visit the MyBU Student Portal for the most up-to-date course information. Note that this information may change at any time. Read the full terms of use.  "
CAS BI 494,Topics in Biology 4,,,,,,Topics and prerequisites vary. Note that this information may change at any time. Please visit the MyBU Student Portal for the most up-to-date course information. Note that this information may change at any time. Read the full terms of use.  
CAS BI 497,Honors in Biology Seminar,"F OR STUDENTSTAKINGCAS BI 401,BI402,BI453, OR BB453",,,,,"Undergraduate Prerequisites: For students taking CASBI 401, BI 402, BI 453, or BB 453. - A 2-credit weekly research seminar for students in CASBI 401, BI 402, BI 453, or BB 453 in the Fall semester. Students learn and present digitally produced descriptions of their research and prepare their theses for defense under the guidance of the Research and Honors Committee. A minimum grade of B+ in BI 402 and this course or BI 498 is required to graduate with honors. Students participate in only one course, either BI 497 or BI 498. Effective Fall 2020, this course carries a single unit in the follow Hub area: Digital/Multimedia Expression. Note that this information may change at any time. Please visit the MyBU Student Portal for the most up-to-date course information. Note that this information may change at any time. Read the full terms of use.  "
CAS BI 498,Honors in Biology Seminar,"F OR STUDENTSTAKINGCAS BI 401,BI402,BI453, OR BB453",,,,,"Undergraduate Prerequisites: For students taking CASBI 401, BI 402, BI 453, or BB 453. - A 2-credit weekly research seminar for students in CASBI 401, BI 402, BI 453, or BB 453 in the Spring semester. Students learn and present digitally produced descriptions of their research and prepare their theses for defense under the guidance of the Research and Honors Committee. A minimum grade of B+ in BI 402 and this course or BI 497 is required to graduate with honors. Students participate in only one course, either BI 497 or BI 498. Effective Fall 2020, this course carries a single unit in the follow Hub area: Digital/Multimedia Expression. Note that this information may change at any time. Please visit the MyBU Student Portal for the most up-to-date course information. Note that this information may change at any time. Read the full terms of use.  "
CAS BI 500,Shark Biology & Conservation,SOMEBACKGROUNDINECOLOGY,/ OR EVOLUTIONRECOMMENDED,,,,"Undergraduate Prerequisites: some background in ecology and/or evolution recommended. - Explores the natural history and behavior of sharks and their relationship to other animals in the ecosystem. Conservation of sharks and other elasmobranchs is crucial to ecosystem function and requires accurate scientific knowledge to implement the best conservation practices. Effective Spring 2021, this course fulfills a single unit in each of the following BU Hub areas: Oral and/or Signed Communication, Scientific Inquiry II, Research and Information Literacy. Note that this information may change at any time. Please visit the MyBU Student Portal for the most up-to-date course information. Note that this information may change at any time. Read the full terms of use.  "
CAS BI 503,Neuroimmunology,CAS BI 203/NE102 OR BI213,BI325/NE203,,,,"Undergraduate Prerequisites: CAS BI 203/NE 102 or BI 213 and BI 325/NE 203 - Neuroimmunology is a burgeoning field in neuroscience. This course examines current topics including the role of glia in brain development, health, and disease, glia-neuron crosstalk, impact of stress and environment on the neuroimmune system, and cell trafficking into the brain. Note that this information may change at any time. Please visit the MyBU Student Portal for the most up-to-date course information. Note that this information may change at any time. Read the full terms of use.  "
CAS BI 504,Advanced Evolutionary Analysis,CAS BI 309 OR PERMISSIONOFINSTRUCT OR ,,,,,"Undergraduate Prerequisites: (CASBI309) or permission of instructor. - Modern concepts, controversies, and analytical approaches in evolutionary biology. Topics include adaptation, natural and sexual selection, species and species formation, phylogenetics, origin of evolutionary novelty, adaptive radiation, basic population and quantitative genetics, development and evolution. Three hours lecture, one hour discussion. Note that this information may change at any time. Please visit the MyBU Student Portal for the most up-to-date course information. Note that this information may change at any time. Read the full terms of use.  "
CAS BI 505,Evolution and Development,,,,,,"This course focuses on the evolution of development. We explore how biodiversity arises by examining the intersection of development, genetics, evolution and ecology. Topics include: the origin of novel traits, developmental constraints, heterochrony, epigenetic inheritance, evolution of gene networks, developmental systems drift and the evolution of complex traits. We also cover common tools used in Evo Devo research, including: RNAseq, RNA interference, CRISPR/Cas-9 and in situ hybridization. Note that this information may change at any time. Please visit the MyBU Student Portal for the most up-to-date course information. Note that this information may change at any time. Read the full terms of use.  "
CAS BI 506,Phenotypic Plasticity,SENI OR ST,"ING,CAS BI 107",,"ONEOFTHEFOLLOWING:BI303,BI309,BI315, OR BI410",,"Undergraduate Prerequisites: senior standing, CAS BI 107; and one of the following: BI 303, BI 309, BI 315, or BI 410; or consent of instructor. - Explores the flexible phenotype as a product of development and target of natural selection, addresses phenotypic plasticity in ecological interactions and evolutionary diversity, evolution and mechanisms of plasticity, plasticity in ecology, diversification of life, and conservation in a changing environment. Note that this information may change at any time. Please visit the MyBU Student Portal for the most up-to-date course information. Note that this information may change at any time. Read the full terms of use.  "
CAS BI 507,Diversity of Sex,SENI OR ST,"ING,","ONEOFTHEFOLLOWING:CAS BI 225,BI309,BI315,BI407, OR BI410",,,"Undergraduate Prerequisites: senior standing, and one of the following: CAS BI 225, BI 309, BI 315, BI 407, or BI 410; or consent of instructor. - Examines the integrative and comparative biology of sex and sexes based on readings drawn from recent primary literature, review papers, and book chapters. Effective Fall 2023, this course fulfills a single unit in each of the following BU Hub areas: Writing-Intensive Course, Oral and/or Signed Communication. Effective Fall 2025, this course fulfills a single unit in the following BU Hub area: Oral and/or Signed Communication. Note that this information may change at any time. Please visit the MyBU Student Portal for the most up-to-date course information. Note that this information may change at any time. Read the full terms of use.  "
CAS BI 508,Behavioral Ecology,ONEUPPER,,,,,"Undergraduate Prerequisites: One upper-level EBE course - Examination of the adaptive significance of behavior in an ecological context. Topics include mating systems, sexual selection, alternative reproductive behaviors, life history strategies, optimal foraging, territoriality, cooperation and conflict, host-parasite co-evolution, the ecology of communication, and comparative analyses. Note that this information may change at any time. Please visit the MyBU Student Portal for the most up-to-date course information. Note that this information may change at any time. Read the full terms of use.  "
CAS BI 509,Metapopulation Ecology,FIRSTYEARWRITINGSEMINARE,,,,,"Undergraduate Prerequisites: First Year Writing Seminar (e.g., WR 100 or WR 120) - Introduces students to metapopulation ecology through the lens of propagule dispersal and population connectivity. Effective Spring 2021, this course fulfills a single unit in each of the following BU Hub areas: Oral and/or Signed Communication, Writing-Intensive Course, Research and Information Literacy. Note that this information may change at any time. Please visit the MyBU Student Portal for the most up-to-date course information. Note that this information may change at any time. Read the full terms of use.  "
CAS BI 510,Institutional Racism in Health and Science,"CAS BI 126 OR CAS BI 206/216 OR ENG BE 209,",SENI OR ST,"ING,",,,"Undergraduate Prerequisites: CAS BI 126 or CAS BI 206/216 or ENG BE 209, and senior standing, or co nsent of instructor. - Graduate Prerequisites: MSc./PhD. program standing in Bioinformatics, or MSc./PhD. program sta nding in Biology, or MSc./M.A. standing in BU Wheelock, or consent ofi nstructor. - Traces the historical mischaracterization of race as a biological construct and the physiological manifestations of racism. Through the study of primary sources, students learn to discriminate between fact-based conclusions and unsupported pseudoscience and to construct empirical knowledge. Note that this information may change at any time. Please visit the MyBU Student Portal for the most up-to-date course information. Note that this information may change at any time. Read the full terms of use.  "
CAS BI 511,Coral Reef Fishes,ADMISSIONTOTHEMARINESEMESTER,CONSENTOFINSTRUCT OR ,,,,"Undergraduate Prerequisites: admission to the Marine Semester and consent of instructor. - Introduces the ecology, evolution, and behavior of coral reef fishes, with a special focus on the coral reef fishes of Belize. Students are introduced to the organisms, the environments, and key concepts in behavioral, population, and community ecology. Note that this information may change at any time. Please visit the MyBU Student Portal for the most up-to-date course information. Note that this information may change at any time. Read the full terms of use.  "
CAS BI 513,Genetics Laboratory,CAS BI 203,CAS BI 206,SENI OR ST,"ING,",CONSENTOFINSTRUCT OR ,"Undergraduate Prerequisites: (CASBI203 & CASBI206) and senior standing, and consent of instructor. - Genetic techniques such as mutant selection and screening, complementation, mapping, recombinant DNA, and chemical genetic screening are taught using the genetic model systems Escherichia coli, Saccharomyces cerevisiae, and Arabidopsis thaliana. Short-term and long-term projects in which students formulate and test hypotheses. Note that this information may change at any time. Please visit the MyBU Student Portal for the most up-to-date course information. Note that this information may change at any time. Read the full terms of use.  "
CAS BI 515,Population Genetics,CAS BI 206 OR CAS BI 309MA/CSREQUIREMENTSF OR BIOLOGYMAJ OR PLUSBI206 OR BI303,,,,,"Undergraduate Prerequisites: (CASBI206 OR CASBI309) MA/CS requirements for Biology major plus BI206 or BI303; or consent o f instructor. - General introduction to population genetics, including the interactions of basic evolutionary processes (mutation, natural selection, genetic drift, inbreeding, recombination, and gene flow) in determining the genetic composition and evolutionary trajectories of natural populations. Course considers the classic models and insights of the modern evolutionary synthesis and more recently developed approaches based on coalescent theory and population genomics. Note that this information may change at any time. Please visit the MyBU Student Portal for the most up-to-date course information. Note that this information may change at any time. Read the full terms of use.  "
CAS BI 519,Theoretical Evolutionary Ecology,CAS BI 107,CAS MA 121/123ALS OR ECOMMENDED:CAS BI 225 OR CAS BI 303 OR CAS BI 309, OR CONSENTOFTHEINSTRUCT OR ,,,"Undergraduate Prerequisites: CAS BI 107 and CAS MA 121/123 (also recommended: CAS BI 225 or CAS BI 303 or CAS BI 309); or consent of the instructor. - Familiarizes students with the theory of evolutionary ecology. Students gain enough background to read theoretical evolutionary ecology literature, do simple modeling, and move on to more complex theory. Students gain experience through homework assignments and computer labs. Effective Spring 2021, this course fulfills a single unit in each of the following BU Hub areas: Quantitative Reasoning II, Scientific Inquiry II, Critical Thinking. Note that this information may change at any time. Please visit the MyBU Student Portal for the most up-to-date course information. Note that this information may change at any time. Read the full terms of use.  "
CAS BI 520,Sensory Neurobiology,CAS BI 325 OR CAS NE 203,,,,,"Undergraduate Prerequisites: (CASBI325 OR CASNE203) or consent of instructor. - Animals receive a constant stream of sensory input that they use to adjust their behavior. In this course we explore how sensory systems translate the physical features of the outside world into meaningful patterns of neural activity. Effective Spring 2024, this course fulfills a single unit in each of the following BU Hub areas: Oral and/or Signed Communication, Scientific Inquiry II. Note that this information may change at any time. Please visit the MyBU Student Portal for the most up-to-date course information. Note that this information may change at any time. Read the full terms of use.  "
CAS BI 521,Quantitative Marine Fisheries,CAS MA 123,ADMISSIONTOTHEMARINESEMESTER,,,,"Undergraduate Prerequisites: (CASMA123) or equivalent and admission to the Marine Semester. - Centered on the mathematics and computational methods that underly and support fisheries science and management. Course content provides abundant hands-on experience in R; revisits key mathematics and statistics for ecology and marine science; and hones critical thinking & problem solving. The core philosophy for coding exercises is ""basic tools to do not-so-basic science"". Course provides context on the past, present, and future of managing exploited marine populations and the natural world around them. Note that this information may change at any time. Please visit the MyBU Student Portal for the most up-to-date course information. Note that this information may change at any time. Read the full terms of use.  "
CAS BI 523,Marine Urban Ecology,ENROLLMENTINTHEBUMARINESEMESTER,,,,,"Undergraduate Prerequisites: enrollment in the BU Marine Semester. - Marine Urban Ecology is an emerging, interdisciplinary field that aims to understand how human and ecological processes can coexist in human-dominated systems. Covers ecosystems, and organisms associated with urbanization in the Greater Boston area. Note that this information may change at any time. Please visit the MyBU Student Portal for the most up-to-date course information. Note that this information may change at any time. Read the full terms of use.  "
CAS BI 525,Biology of Neurodegenerative Diseases,"CAS NE 102 OR CAS BI 108,CAS NE 203 OR CAS BI 325,",CAS BI 203/213,,JUNI OR ,SENI OR ST,"Undergraduate Prerequisites: CASNE 102 or CASBI 108, CASNE 203 or CASBI 325, and CASBI 203/213; and junior and senior standing.- An in-depth look at molecular mechanisms of neurodegenerative diseases and their impact and relevance in clinical diagnosis and treatment. Topics include the molecular pathways of Alzheimer's, Parkinson's, Huntington's, and Creuztfeldt-Jacob Disease, and Amyotrophic Lateral Sclerosis. Effective Fall 2020, this course fulfills a single unit in each of the following BU Hub areas: Oral and/or Signed Communication, Ethical Reasoning, Research and Information Literacy. Note that this information may change at any time. Please visit the MyBU Student Portal for the most up-to-date course information. Note that this information may change at any time. Read the full terms of use.  "
CAS BI 530,Forest Ecology,CAS BI 107,"CAS BI 303 OR CAS BI 306,",,,,"Undergraduate Prerequisites: (CASBI107) and CASBI303 or CASBI306, or consent of instructor. - Prerequisites: CASBI107 and CASBI303 or CASBI306, or consent of instructor. The major biotic and abiotic factors influencing forest ecosystem composition, structure, and function. Role of solar radiation, hydrology, soils, succession, and management of forest ecosystems. Includes New England case study. Three hours lecture plus discussion. Meets with CAS GE 530. Effective Spring 2023, this course fulfills a single unit in each of the following BU Hub areas: Oral and/or Signed Communication, Scientific Inquiry 2, Research and Information Literacy. Note that this information may change at any time. Please visit the MyBU Student Portal for the most up-to-date course information. Note that this information may change at any time. Read the full terms of use.  "
CAS BI 531,"Ichthyology: Behavior, Ecology, and Evolution of Fish",CAS BI 260,CONSENTOFINSTRUCT OR ,,,,"Undergraduate Prerequisites: CASBI 260 and consent of instructor. - A comprehensive introduction to fish biology and systematics. Emphasis on phylogenetic relationships, ecology, and behavior. Labs include morphological studies of specimens and behavioral studies of live fishes. Effective Fall 2021, this course no longer carries any Hub units. Note that this information may change at any time. Please visit the MyBU Student Portal for the most up-to-date course information. Note that this information may change at any time. Read the full terms of use.  "
CAS BI 533,Progress in Neurobiology,,,,,,"Facilitates work-in-progress presentation and discussion of research that includes preliminary data and research progress. All Neurobiology graduate students are encouraged to participate each semester, but receive credits toward the degree only once. BI533 (fall) and BI534 (spring) can both be taken (4 credits total) for the degree. Note that this information may change at any time. Please visit the MyBU Student Portal for the most up-to-date course information. Note that this information may change at any time. Read the full terms of use.  "
CAS BI 534,Progress in Neurobiology,,,,,,"Facilitates work-in-progress presentation and discussion of research that includes preliminary data and research progress. All Neurobiology graduate students are encouraged to participate each semester, but receive credits toward the degree only once. BI533 (fall) and BI534 (spring) can both be taken (4 credits total) for the degree. Note that this information may change at any time. Please visit the MyBU Student Portal for the most up-to-date course information. Note that this information may change at any time. Read the full terms of use.  "
CAS BI 535,Translational Research in Alzheimer's Disease,"CAS NE 102 OR CAS BI 108,CAS NE 203 OR CAS BI 325,",CAS BI 203/213,,JUNI OR ,SENI OR ST,"Undergraduate Prerequisites: CASNE 102 or CASBI 108, CASNE 203 or CASBI 325, and CASBI 203/213; and junior and senior standing. - An introduction to translational research focused on the search for new therapeutic targets in Alzheimer's disease. Emphasis on the development of cellular and animal models for preclinical research, and on past and current clinical trials in Alzheimer's patients. Effective Fall 2020, this course fulfills a single unit in each of the following BU Hub areas: Oral and/or Signed Communication, Ethical Reasoning, Research and Information Literacy. Note that this information may change at any time. Please visit the MyBU Student Portal for the most up-to-date course information. Note that this information may change at any time. Read the full terms of use.  "
CAS BI 539,"Coral Reef Dynamics: Shallow Waters, Deep Time",ENROLLMENTINTHEMARINESEMESTER,,,,,"Undergraduate Prerequisites: enrollment in the Marine Semester. - Tropical reefs-- diverse, complex, and ancient-- exhibit lawful cycles of growth, degradation, and regeneration. Explore these through observations on the Belize Barrier Reef in fossil reef environments and through laboratory experiments. Insights are applied to reef conservation in today's changing world. Also offered as CAS EE 539. Note that this information may change at any time. Please visit the MyBU Student Portal for the most up-to-date course information. Note that this information may change at any time. Read the full terms of use.  "
CAS BI 541,Coral Reef Resilience and Restoration,ENROLLMENTINTHEBUMARINESEMESTER,JUNI OR  OR SENI OR ST,ING,,,"Undergraduate Prerequisites: enrollment in the BU Marine Semester and junior or senior standing. - Caribbean coral reefs have fallen into ruin. Students develop methods to restore reef health by applying genomics, life history theory, landscape ecology and climatology. This course includes field work in Belize. Note that this information may change at any time. Please visit the MyBU Student Portal for the most up-to-date course information. Note that this information may change at any time. Read the full terms of use.  "
CAS BI 542,Neuroethology,CAS BI 325 OR CAS NE 203,,,,,"Undergraduate Prerequisites: CASBI 325 or CASNE 203 or consent of instructor. - An in-depth study of the neural mechanisms underlying natural behaviors in animals, integrating perspectives from behavioral ecology and neurobiology. Emphasizes behaviors central to fitness, including sensory and motor bases of prey detection, predator avoidance, communication, courtship, navigation, and migration. Covers non-model organisms (e.g., honey bees, owls, bats, and crickets). Lectures are integrated with student-led discussions of relevant research papers. Effective Spring 2021, this course fulfills a single unit in each of the following BU Hub areas: Oral and/or Signed Communication, Scientific Inquiry II, Research and Information Literacy. Note that this information may change at any time. Please visit the MyBU Student Portal for the most up-to-date course information. Note that this information may change at any time. Read the full terms of use.  "
CAS BI 546,Marine Megafaunal Ecology: Stellwagen Bank National Marine Sanctuary and Surrounding Waters,CAS BI 260,CAS MA 213,ENROLLMENTINTHEBUMARINESEMESTER,,,"Undergraduate Prerequisites: CASBI 260 and CASMA 213 or consent of instructor; enrollment in the BU Marine Semester. - Marine macrofauna, from macrobenthos to whales, seals, seabirds, sharks, bony fishes, turtles, jellies, and humans in Stellwagen Bank National Marine Sanctuary. Sail aboard research vessel ""Auk"" and become a participant in SBNMS research to understand life in the Gulf of Maine. Apply data collected to marine biodiversity conservation and sustainable resource management. Student research helps to invent the science of coupled human and natural systems, mines ecosystem insights for Sanctuary operations, and guides deployment of the new kid on the block: offshore renewable energy. Note that this information may change at any time. Please visit the MyBU Student Portal for the most up-to-date course information. Note that this information may change at any time. Read the full terms of use.  "
CAS BI 548,Marine Microbial Ecology: Exploring Marine Microbes through Microscopy,,,,,,"Microorganisms are the most abundant form of life in the ocean. Fluorescence in situ hybridization (FISH) is a critical tool that uses sequencing to develop a deeper sense of specific microbe roles in an ecosystem. This project-based course weaves together scientific background, analytical tools, and data processing and analysis. Students gain insight into the complexity and importance of marine microbial communities. With lab-based FISH projects, students design and conduct an adaptive set of experiments. Through computational data analysis, students turn raw data into usable results. Note that this information may change at any time. Please visit the MyBU Student Portal for the most up-to-date course information. Note that this information may change at any time. Read the full terms of use.  "
CAS BI 550,Marine Genomics,CAS BI 108,,,,,"Undergraduate Prerequisites: CASBI 108 or equivalent. - Covers the evolution of genomes, the architecture of gene networks, and the connection between genotype and phenotype in marine organisms, as well as the technical development of modern genomics. Student research projects utilize modern genomics experimental approaches. Effective Fall 2019, this course fulfills a single unit in the following BU Hub area: Teamwork/Collaboration. Note that this information may change at any time. Please visit the MyBU Student Portal for the most up-to-date course information. Note that this information may change at any time. Read the full terms of use.  "
CAS BI 551,Biology of Stem Cells,"CAS BI 203 OR CAS BI 206,",,,,,"Undergraduate Prerequisites: (CASBI 203 OR CASBI 206), or consent of instructor. - Views on stem cell research range from assumptions of a potential cure for most diseases to fears that it will depreciate the value of human life. This course equips students with the science that underlies this discussion, including the biological properties of stem cells and the experimental hurdles to utilization in regenerative medicine. Note that this information may change at any time. Please visit the MyBU Student Portal for the most up-to-date course information. Note that this information may change at any time. Read the full terms of use.  "
CAS BI 552,Molecular Biology 1,CAS BI 203 OR CAS BI 213,CAS BI 206 OR CAS BI 216,,,,"Undergraduate Prerequisites: (CASBI203 or CASBI213) and (CASBI206 or CASBI216). - Synthesis, structure, function, regulation of macromolecules (DNA, RNA, protein). Prokaryotic and eukaryotic molecular biology. Topics include: replication, repair, recombination, transcription, translation, 5-methylcytosine, transcription factors, DNA looping (enhancer- promoter, insulator, etc.), histone modification/chromatin remodeling, non-coding RNA. Discussion of genetic and recombinant DNA techniques, including CRISPR/Cas9. Note that this information may change at any time. Please visit the MyBU Student Portal for the most up-to-date course information. Note that this information may change at any time. Read the full terms of use.  "
CAS BI 553,Molecular Biology 2,CAS BI 552CASBI/CH421/422RECOMMENDED,,,,,"Undergraduate Prerequisites: (CASBI552) (CAS BI/CH 421/422 recommended.) - This course focuses on eukaryotic gene regulation. Course topics include genome organization and DNA rearrangement, RNA interference and noncoding RNAs, gene editing, mouse transgenic approaches, signal transduction pathways, chromatin structure, and cell cycle. Research articles will be discussed. Note that this information may change at any time. Please visit the MyBU Student Portal for the most up-to-date course information. Note that this information may change at any time. Read the full terms of use.  "
CAS BI 556,Drug Discovery in Neuroscience,"CAS NE 102 OR BI108,CH102,",NE/PS333,,,,"Undergraduate Prerequisites: CASNE 102 (or BI 108), CH 102, and NE/PS 333. - The process of drug discovery is complex especially when a drug is intended to treat a neurological disease. This discussion-heavy course examines the specific challenges of modern neuroscience drug discovery, including: target selection, pharmacokinetics, pharmacodynamics, modeling of disease states within the context of the drivers and limitations of the Drug Discovery Industry. Effective Fall 2021, this course fulfills a single unit in each of the following BU Hub areas: Digital/Multimedia Expression, Scientific Inquiry II, Creativity/Innovation. Note that this information may change at any time. Please visit the MyBU Student Portal for the most up-to-date course information. Note that this information may change at any time. Read the full terms of use.  "
CAS BI 558,Coastal Biogeochemistry,CAS CH 101,CAS CH 102,"CAS ES 144S,",ADMISSIONTOTHEMARINESEMESTER,,"Undergraduate Prerequisites: (CASCH101 & CASCH102 & CASES144) or equivalents, and admission to the Marine Semester. - Examines coastal energy flow and nutrient cycling in the context of human impacts. Links between local and global scales are emphasized. Course is part of the Marine Semester and involves field and laboratory work. Also offered as CAS ES 558. Effective Fall 2019, this course is part of a Hub sequence. Note that this information may change at any time. Please visit the MyBU Student Portal for the most up-to-date course information. Note that this information may change at any time. Read the full terms of use.  "
CAS BI 559,Quantitative Microbiology,CAS BI 108,CAS MA 121,CAS PY 105S,,,"Undergraduate Prerequisites: (CASBI108 & CASMA121 & CASPY105) or equivalents; or consent of instructor. - Covers mathematical models used to describe bacterial behaviors and phenomena including growth, multispecies interactions, motility, and cell differentiation. Includes an introduction to python (no programming experience needed). Techniques/approaches learned are applicable to any area of the life sciences. Note that this information may change at any time. Please visit the MyBU Student Portal for the most up-to-date course information. Note that this information may change at any time. Read the full terms of use.  "
CAS BI 560,Systems Biology,CAS BI 552 OR CONSENTOFTHEINSTRUCT OR ,,,,,"Undergraduate Prerequisites: (CASBI552) or consent of the instructor. - Examines critical components of systems biology, including design principles of biological systems (e.g., feedback, synergy, cooperativity), and the generation and analysis of large-scale datasets (e.g., protein- protein interaction, mRNA expression). Note that this information may change at any time. Please visit the MyBU Student Portal for the most up-to-date course information. Note that this information may change at any time. Read the full terms of use.  "
CAS BI 561,Proteostasis in the Biology of Neurodegenerative Diseases,CAS NE 102 OR CAS BI 108,,,,,"Undergraduate Prerequisites: CASNE 102 or CASBI 108. CASBI 203 or CASBI 213 are recommended. - A hands-on class focusing on the mechanisms that control protein homeostasis, and on the approaches that we can use to study how it may change in conditions associated with neurodegenerative diseases. The class mimics, as much as possible, a real research environment, as students carry out experiments throughout the semester, learn how to develop and test new hypotheses, and also share knowledge through weekly readings and presentation of research articles inherent to the topics of the class. Effective Fall 2021, this course fulfills a single unit in each of the following BU Hub areas: Scientific Inquiry II, Creativity/Innovation, Research and Information Literacy. Note that this information may change at any time. Please visit the MyBU Student Portal for the most up-to-date course information. Note that this information may change at any time. Read the full terms of use.  "
CAS BI 562,Tropical Seagrasses: Ecology and Conservation,ADMITTANCETOTHEBUMARINESEMESTER,,,,,"Undergraduate Prerequisites: admittance to the BU Marine Semester. - This field course focuses on tropical seagrasses located in the Turneffe Atoll Marine Reserve Belize. Lecture topics include seagrass biology, ecology and conservation. Students gain proficiency in research and field assessment methods and carry out a group research project. Note that this information may change at any time. Please visit the MyBU Student Portal for the most up-to-date course information. Note that this information may change at any time. Read the full terms of use.  "
CAS BI 565,Functional Genomics,CAS BI 552,,,,,"Undergraduate Prerequisites: (CASBI552) or consent of instructor. First Year Writing Seminar (e.g., WR 100 or WR 120) - Graduate Prerequisites: background in molecular biology. - This paper- and problem-based course focuses on functional genomics topics such as genetic variation, genome organization, and mechanisms of transcriptional and post-transcriptional gene regulation. Up-to-date methods include NGS, genome editing, ChIP-seq, chromatin accessibility assays, transcriptomics, and proteomics. Effective Fall 2020, this course fulfills a single unit in each of the following BU Hub areas: Oral and/or Signed Communication, Writing-Intensive Course, Critical Thinking. Note that this information may change at any time. Please visit the MyBU Student Portal for the most up-to-date course information. Note that this information may change at any time. Read the full terms of use.  "
CAS BI 566,DNA Dynamics in Disease,CAS BI 206 OR CAS BI 216,,,,,"Undergraduate Prerequisites: (CASBI 206 OR CASBI 216) or consent of instructor. - What goes wrong to cause disease? In this course we examine diseases caused by problems in basic cellular processes including mitosis, meiosis, and DNA repair. We focus on past and current research that has led to the understanding of the mechanisms contributing to disease. Content is delivered through active, engaging lectures where you analyze data from past and current research papers, and think critically to answer questions. Paper discussion days include an in-depth analysis of one primary literature article that is central to the field. Effective Fall 2022, this course fulfills a single unit in each of the following BU Hub areas: Scientific Inquiry II, Critical Thinking, Research and Information Literacy. Note that this information may change at any time. Please visit the MyBU Student Portal for the most up-to-date course information. Note that this information may change at any time. Read the full terms of use.  "
CAS BI 569,Tropical Marine Invertebrates,CAS BI 107,CAS BI 260,ENROLLMENTINTHEMARINESEMESTER,,,"Undergraduate Prerequisites: (CASBI 107 & CASBI 260) and enrollment in the Marine Semester. - Explores the diversity of marine invertebrates, including body plans, feeding biology, reproductive strategies, and developmental programs. Field biodiversity surveys and behavioral studies in shallow water tropical marine environments, especially seagrass beds and mangrove. Note that this information may change at any time. Please visit the MyBU Student Portal for the most up-to-date course information. Note that this information may change at any time. Read the full terms of use.  "
CAS BI 572,Advanced Genetics,CAS BI 206,CAS BI 203CAS BI 552ISRECOMMENDED,,,,"Undergraduate Prerequisites: (CASBI206 & CASBI203) CAS BI 552 is recommended. - An in-depth study of eukaryotic genetics, ranging from the history and basic principles to current topics and modern experimental approaches. Genetics of Drosophila, C. elegans, mice, and humans are explored in detail, including readings from primary literature. Three hours lecture, one hour discussion. Effective Fall 2023, this course fulfills a single unit in each of the following BU Hub areas: Oral and/or Signed Communication, Ethical Reasoning. Note that this information may change at any time. Please visit the MyBU Student Portal for the most up-to-date course information. Note that this information may change at any time. Read the full terms of use.  "
CAS BI 575,"Techniques in Cellular and Molecular Neuroscience (PER/Neuro, CM)","CAS BI 325 OR EITHERCAS BI 201 OR CAS NE 201,",JUNI OR  OR SENI OR ST,"ING,",,,"Undergraduate Prerequisites: (CASBI325) or either CASBI201 or CASNE201, and junior or senior standing, or cons ent of instructor. - Laboratory course in which techniques used in cellular neuroscience are taught. Subjects covered include sensory coding, synaptic transmission, neural excitability, and cellular neuroanatomy. Eight hours lab. Note that this information may change at any time. Please visit the MyBU Student Portal for the most up-to-date course information. Note that this information may change at any time. Read the full terms of use.  "
CAS BI 576,Carcinogenesis,CAS BI 203,CAS BI 206,CAS BI 552,,,"Undergraduate Prerequisites: (CASBI203 & CASBI206 & CASBI552) - Covers multiple aspects of cancer biology with a focus on molecular mechanisms underlying cancer development and progression, and the implications for therapy. Topics include oncogenes, tumor suppressors, apoptosis, angiogenesis, metastasis, mouse models, and chemotherapy. Emphasis on current research. Students may not receive credit for more than one of the following courses: CAS BI 327, CAS BI 576, and GMS BT 520. Note that this information may change at any time. Please visit the MyBU Student Portal for the most up-to-date course information. Note that this information may change at any time. Read the full terms of use.  "
CAS BI 577,Quantitative Approaches in Molecular Biology,GRSBI753,PHDST,ING,,,"Undergraduate Prerequisites: (GRSBI753) and PhD standing. - Introduces biology graduate students to concepts and bioinformatics tools necessary for quantitative analysis of biological problems. Students learn the programming language R, analyze next generation sequencing and transcriptomic data. Note that this information may change at any time. Please visit the MyBU Student Portal for the most up-to-date course information. Note that this information may change at any time. Read the full terms of use.  "
CAS BI 578,Marine Geographic Information Science,CAS BI 260,CAS EE 144,CAS MA 213ISRECOMMENDED,,,"Undergraduate Prerequisites: CASBI 260 and CASEE 144; CASMA 213 is recommended - Introduction to marine geographic information systems and spatial analysis for conservation, management, and marine landscape ecology. Comparative examples from Gulf of Maine and tropics. Solve problems in coastal zoning and marine park design, whale and coral reef conservation. Note that this information may change at any time. Please visit the MyBU Student Portal for the most up-to-date course information. Note that this information may change at any time. Read the full terms of use.  "
CAS BI 579,"Progress in Ecology, Behavior, Evolution, and Marine Biology 1",GRADUATEST,INGINEBE OR MB,,,,"Undergraduate Prerequisites: graduate standing in EBE or MB. - Facilitates presentation and discussion of research ideas, preliminary data, and research progress by all graduate students in Ecology/Behavior/Evolution and Marine Biology (EBE-MB). All EBE-MB graduate students are encouraged to participate every semester, but only receive two credits toward the degree once, for BI 579 or BI 580. Not a Biology/BMB major/minor elective toward the BA and cannot be combined with another 2-credit course for elective credit toward the BA. Note that this information may change at any time. Please visit the MyBU Student Portal for the most up-to-date course information. Note that this information may change at any time. Read the full terms of use.  "
CAS BI 580,"Progress in Ecology, Behavior, Evolution, and Marine Biology 2",GRADUATEST,INGINEBE OR MB,,,,"Undergraduate Prerequisites: graduate standing in EBE or MB. - Facilitates presentation and discussion of research ideas, preliminary data, and research progress by all graduate students in Ecology/Behavior/Evolution and Marine Biology (EBE-MB). All EBE-MB graduate students are encouraged to participate every semester, but only receive two credits toward the degree once, for BI 579 or BI 580. Not a Biology/BMB major/minor elective toward the BA and cannot be combined with another 2-credit course for elective credit toward the BA. Note that this information may change at any time. Please visit the MyBU Student Portal for the most up-to-date course information. Note that this information may change at any time. Read the full terms of use.  "
CAS BI 581,Seminar in Biology,CONSENTOFINSTRUCT OR ,,,,,Undergraduate Prerequisites: consent of instructor. - Graduate Prerequisites: consent of instructor. - Informal discussion and student reports on subjects of current interest based on an intensive study of the literature. Topics and prerequisites vary. Not for Biology major or minor credit unless two sections of BI 581/582 are taken. One topic is offered Fall 2021. Section B1: Grant Writing. Seminar course in preparing a research grant proposal. Note that this information may change at any time. Please visit the MyBU Student Portal for the most up-to-date course information. Note that this information may change at any time. Read the full terms of use.  
CAS BI 582,Seminar in Biology,CONSENTOFINSTRUCT OR ,,,,,Undergraduate Prerequisites: consent of instructor. - Graduate Prerequisites: consent of instructor. Open to seniors and graduate students concentrating in biology. - Informal discussion and student reports on subjects of current interest based on an intensive study of the literature. Topics and prerequisites vary. Not for Biology major or minor credit unless two sections of BI 581/582 are taken. Note that this information may change at any time. Please visit the MyBU Student Portal for the most up-to-date course information. Note that this information may change at any time. Read the full terms of use.  
CAS BI 583,Seminar: Progress in Cell and Molecular Biology,OPENTOGRADUATESTUDENTSONLY,,,,,"Undergraduate Prerequisites: Open to graduate students only. - Facilitates presentation and discussion of research ideas, preliminary data, and research progress by all graduate students in Cell & Molecular Biology (CM). All CM graduate students are encouraged to participate every semester, but receive credits toward the degree only once. BI 583 (fall course) and BI 584 (spring course) can both be taken (4 credits total) for the degree. Note that this information may change at any time. Please visit the MyBU Student Portal for the most up-to-date course information. Note that this information may change at any time. Read the full terms of use.  "
CAS BI 584,Seminar: Progress in Cell and Molecular Biology,OPENTOGRADUATESTUDENTSONLY,,,,,"Undergraduate Prerequisites: Open to graduate students only. - Facilitates presentation and discussion of research ideas, preliminary data, and research progress by all graduate students in Cell & Molecular Biology (CM). All CM graduate students are encouraged to participate every semester, but receive credits toward the degree only once. BI 583 (fall course) and BI 584 (spring course) can both be taken (4 credits total) for the degree. Note that this information may change at any time. Please visit the MyBU Student Portal for the most up-to-date course information. Note that this information may change at any time. Read the full terms of use.  "
CAS BI 586,Ecological Genomics,CAS BI 206 OR BI216,MA115 OR MA213,,,,"Undergraduate Prerequisites: (CAS BI 206 or BI 216) and (MA 115 or MA 213); or consent of instructo r. Also recommended are BI 303 and BI 309. - Course covers topics related to community ecology, population biology and organismal physiology. Lectures and readings are integrated with genomic analyses and statistics. Focus is on marine invertebrates; however, these tools are universal across microbes, fungi, plants and animals. Effective Spring 2021, this course fulfills a single unit in each of the following BU Hub areas: Digital/Multimedia Expression, Creativity/Innovation, Teamwork/Collaboration. Note that this information may change at any time. Please visit the MyBU Student Portal for the most up-to-date course information. Note that this information may change at any time. Read the full terms of use.  "
CAS BI 588,Project Design and Statistics in Biological Anthropology,,,,,,"This seminar teaches students project design and statistics using R and Rstudio. Students will become competent in coding, version control, data reports and commenting code, and implement both basic and advanced statistics to be used in student research projects. Effective Fall 2021, this course fulfills a single unit in each of the following BU Hub areas: Quantitative Reasoning II, Scientific Inquiry II, Teamwork/Collaboration. Note that this information may change at any time. Please visit the MyBU Student Portal for the most up-to-date course information. Note that this information may change at any time. Read the full terms of use.  "
CAS BI 589,Neural Impacts on Tumorigenesis,CAS NE 203 OR CAS BI 325,,,,,"Undergraduate Prerequisites: (CASNE203 OR CASBI325) - Explores neuronal invasion and mechanisms of neurogenesis into solid tumors, cross-talk in tumor microenvironments, and nervous system influence on cancer modulators that enhance tumorigenesis. Enhancement of cancer from environmental stress at this interface is also examined. Effective Fall 2021, this course fulfills a single unit in each of the following BU Hub areas: Oral and/or Signed Communication, Scientific Inquiry II, Research and Information Literacy. Note that this information may change at any time. Please visit the MyBU Student Portal for the most up-to-date course information. Note that this information may change at any time. Read the full terms of use.  "
CAS BI 591,Bio-Optical Oceanography,ADMISSIONTOTHEMARINESEMESTER,,,,,"Undergraduate Prerequisites: admission to the Marine Semester. - This field- and lab-based course explores how the optically active constituents in seawater affect the in-water light field, and in turn, how field optics and remote sensing can facilitate the study of marine biogeochemistry, biological oceanography and water quality. Also offered as CAS ES 591. Note that this information may change at any time. Please visit the MyBU Student Portal for the most up-to-date course information. Note that this information may change at any time. Read the full terms of use.  "
CAS BI 593,Marine Physiology and Climate Change,"CAS BI 108 OR CONSENTOFTHEINSTRUCT OR ,",ADMISSIONTOTHEMARINESEMESTER,,,,"Undergraduate Prerequisites: (CASBI108) or consent of the instructor, and admission to the Marine Semester. - Explores the range of physiological responses marine organisms exhibit in response to climate change. Investigates phenotypic plasticity exhibited across different organisms and how this plasticity can influence an organism's resilience to its changing environment. Note that this information may change at any time. Please visit the MyBU Student Portal for the most up-to-date course information. Note that this information may change at any time. Read the full terms of use.  "
CAS BI 594,Topics in Biology 5,,,,,,This course may be repeated for credit if the topic is different. Prerequisites vary with topic. Note that this information may change at any time. Please visit the MyBU Student Portal for the most up-to-date course information. Note that this information may change at any time. Read the full terms of use.  
CAS BI 595,Master's Research in Biology,ADMISSIONINTOTHEMS OR BA/MSCOMBINEDPROGRAM,,,,,"Undergraduate Prerequisites: Admission into the MS or BA/MS combined program - Biology laboratory research conducted under supervision of a faculty member. Externships are acceptable with prior approval. Minimum of 7.5 or 15 hours per week in the lab, culminating in submission of a written progress report. Note that this information may change at any time. Please visit the MyBU Student Portal for the most up-to-date course information. Note that this information may change at any time. Read the full terms of use.  "
CAS BI 597,Graduate Directed Study in Biology,,,,,,Mentored directed study with a faculty member of the Biology Department. The directed study should involve graduate level investigation on a well-defined subject determined in consultation with faculty member. Note that this information may change at any time. Please visit the MyBU Student Portal for the most up-to-date course information. Note that this information may change at any time. Read the full terms of use.  
CAS BI 598,Neural Circuits,"CAS BI 325 OR CAS NE 203,",CAS PY 106,,,,"Undergraduate Prerequisites: CASBI 325 or CASNE 203, and CASPY 106. - Reviews modern techniques and toolsets that are capable of dissecting neural circuits, which are critical for understanding how coordinated patterns of neural activity lead to complex behavior. Recent literature on information processing, guided behavior and cognition is discussed. Note that this information may change at any time. Please visit the MyBU Student Portal for the most up-to-date course information. Note that this information may change at any time. Read the full terms of use.  "
CAS BI 599,Physiology of the Synapse,JUNI OR ST,ING,,,,"Undergraduate Prerequisites: junior standing. Recommended: CAS BI 325 or BI 445 or BI 481. - Neuron development and maturation, synapse formation, structure and molecular components of synapses, synaptic transmission, synaptic plasticity, neurotransmitter receptors, cellular basis for learning and memory, synaptic pathology in neurological diseases. Two hours lecture, two hours paper presentation and discussion. Note that this information may change at any time. Please visit the MyBU Student Portal for the most up-to-date course information. Note that this information may change at any time. Read the full terms of use.  "
