Course Code,Title,Prerequisite 1,Prerequisite 2,Prerequisite 3,Prerequisite 4,Prerequisite 5,Description
ENG ME 302,Engineering Mechanics 2,ENG EK 301,CAS MA 226,,,,Undergraduate Prerequisites: (ENGEK 301 & CASMA 226). - Fundamentals of engineering dynamics. Linear and angular momentum principles. Kinematics and kinetics of particles. Kinematics and kinetics of rigid bodies in two dimensions. Energy methods. Introduction to mechanical vibrations. Note that this information may change at any time. Please visit the MyBU Student Portal for the most up-to-date course information. Note that this information may change at any time. Read the full terms of use.  
ENG ME 303,Fluid Mechanics,ENG EK 301,CAS MA 226,,,,"Undergraduate Prerequisites: (ENGEK301 & CASMA226) - Properties of fluids. Fluid statics. Dimensional analysis. Control volume approach to conservation of mass, momentum, and energy, leading to the Bernoulli equation. Differential analysis approach to conservation of mass and momentum, leading to potential flow and the Navier-Stokes equations. Applications to pipe flow, boundary layers analysis, and methods for estimating drag, and lift forces. Includes labs. Note that this information may change at any time. Please visit the MyBU Student Portal for the most up-to-date course information. Note that this information may change at any time. Read the full terms of use.  "
ENG ME 304,Energy and Thermodynamics,CAS PY 211,,,,,"Undergraduate Prerequisites: (CASPY211) ; Undergraduate Corequisites: (CASMA225); Grad Prerequisites: (METPY212 OR CASPY252) & (METMA124) -Macroscopic treatment of the fundamental concepts of thermodynamic systems. Zeroth, first, and second laws; properties of simple compressible substances; entropy; thermodynamic cycles. Turbines, pumps, compressors, and nozzles. Application to engines, refrigeration systems, and energy conversion. Includes lab. Note that this information may change at any time. Please visit the MyBU Student Portal for the most up-to-date course information. Note that this information may change at any time. Read the full terms of use.  "
ENG ME 305,Mechanics of Materials,ENG EK 103,301,CAS MA 226,,,Undergraduate Prerequisites:(ENGEK103 & 301 and CASMA226)  - Introduction to stress and strain. Axial and shear loading. Torsion of shafts and thin-walled tubes. Stress within and deflection of bending beams. Combined loadings. Stress and strain transformations. Generalized Hooke's law. Material failure theories. Column buckling. Includes lab. Note that this information may change at any time. Please visit the MyBU Student Portal for the most up-to-date course information. Note that this information may change at any time. Read the full terms of use.  
ENG ME 306,Introduction to Materials Science,CAS PY 212,CAS CH 131,,,,Undergraduate Prerequisites: (CASPY212 & CASCH131) - Structure and properties of solids; crystalline structure; defect structures; atom movement and diffusion; nucleation and growth; deformation; phase diagrams; strengthening mechanisms; heat treatment; ferrous/nonferrous alloys; ceramics; polymers; composites. Includes lab. Cannot be taken for credit in addition to ENG BE 425. Note that this information may change at any time. Please visit the MyBU Student Portal for the most up-to-date course information. Note that this information may change at any time. Read the full terms of use.  
ENG ME 310,Instrumentation,ENG EK 307,ENG EK 381,CAS WR 120,UNDERGRADUATEC OR EQUISITE:ENG ME 303,,"Undergraduate Prerequisites: (ENGEK307 & ENGEK381 & CASWR120); Undergraduate Corequisite: (ENGME303)- Designing, assembling, and operating experiments involving mechanical measurements; analyzing experimental data. Safety considerations in the laboratory. Mechanical and electrical transducers for flow, pressure, temperature, velocity, strain, and force. Electric circuits for static and dynamic analog signal conditioning. Computer use for digital data acquisition and analysis; instrument control. Introduction to frequency domain analysis. Professional standards for documenting experiments and preparing reports, including formal uncertainty analysis involving elementary stat Effective Fall 2019, this course fulfills a single unit in the following BU Hub area: Writing-Intensive Course. Note that this information may change at any time. Please visit the MyBU Student Portal for the most up-to-date course information. Note that this information may change at any time. Read the full terms of use.  "
ENG ME 345,Automation and Manufacturing Methods,ENG ME 357,ENG EK 210ENG EK 122/EK125,,,,"Undergraduate Prerequisites: (ENGME 357 & ENGEK 210) ENGEK 122/EK125 - An introduction to the major concepts and practices of modern manufacturing, including production system dynamics, process development, and computer-aided design and manufacturing techniques. Topics include numerically controlled machines, robotic control, real-time process control, computer vision, statistical process control, programmable logic control, production system design, discrete event system models, and computer simulation. Strong emphasis is given on hands-on laboratory experience, with a lecture component covering fundamental concepts and supporting the laboratory exercises and projects. Includes lab. Note that this information may change at any time. Please visit the MyBU Student Portal for the most up-to-date course information. Note that this information may change at any time. Read the full terms of use.  "
ENG ME 357,Introduction to CAD and Machine Components,,,,,,"Focuses on design and engineering concepts to support the creation of 3D mechanical models and 2D engineering drawings using advanced CAD applications. Hands on course work enables students to develop proper modeling techniques to define complex geometry and create production engineering drawings to ANSI standards. Course will cover core CAD competencies including assembly design, mechanism design, motion analysis, bill of materials and detailed assembly drawings. Note that this information may change at any time. Please visit the MyBU Student Portal for the most up-to-date course information. Note that this information may change at any time. Read the full terms of use.  "
ENG ME 358,Manufacturing Processes,ENG EK 210,ENG ME 357,,,,"Undergraduate Prerequisites: (ENGEK210 & ENGME357) - This courses introduces you to modern manufacturing and materials processing methods. The course includes a wide range of manufacturing processes including machining, injection molding, and 3D printing; and explains the fundamental principles and practices of manufacturing at scale. We will understand the underlying physical principles and how material properties impact and are impacted by various methods. Labs and projects will enable students to experiment with various processes and understand how the theory applies to the physical world. Note that this information may change at any time. Please visit the MyBU Student Portal for the most up-to-date course information. Note that this information may change at any time. Read the full terms of use.  "
ENG ME 360,Electromechanical Design,ENG ME 357,,,,,"Undergraduate Prerequisites: (ENGME357) ; Undergraduate Corequisites: (ENGME358) - Focuses on the use of engineering principles, simulation and physical models in product design. Hands-on exercises allow students to propose solutions to practical problems and to develop their ideas through the construction and testing of physical prototypes. Topics include Arduino sensing and control, mechanical metrology, principles of efficient mechanical design, manufacturing techniques, CAE tutorials for product simulation and prototype testing. Note that this information may change at any time. Please visit the MyBU Student Portal for the most up-to-date course information. Note that this information may change at any time. Read the full terms of use.  "
ENG ME 400,Undergraduate Special Topics in Mechanical Engineering,CAS MA 226,,,,,Undergraduate Prerequisites: (CASMA226) - Coverage of a specific topic in mechanical engineering at the undergraduate level. Subject matter varies from semester to semester; not offered every semester. Note that this information may change at any time. Please visit the MyBU Student Portal for the most up-to-date course information. Note that this information may change at any time. Read the full terms of use.  
ENG ME 403,Atmospheric Flight Mechanics and Control,ENG ME 302,ENG ME 421,,,,"Undergraduate Prerequisites: (ENGME302 & ENGME421) or consent of instructor - Introduction to stability and control of atmospheric flight vehicles. Forces and moments on aircraft. Static and dynamic stability. Equations of motion. Feedback design using root locus. Flying quality standards. Longitudinal and lateral autopilots. Includes design project and lab. Cannot be taken for credit in addition to ENG ME 404, ENG EC 402, or ENG BE 404. Note that this information may change at any time. Please visit the MyBU Student Portal for the most up-to-date course information. Note that this information may change at any time. Read the full terms of use.  "
ENG ME 404,Dynamics and Control of Mechanical Systems,ENG ME 302,,,,,"Undergraduate Prerequisites: (ENGME302) or consent of instructor. - Modeling of mechanical systems. Introduction to theory of feedback and control. Performance and stability of linear systems. Design of feedback control systems. Practical applications. Includes lab. Cannot be taken for credit in addition to ENG ME 403, ENG EC 402, or ENG BE 404. Note that this information may change at any time. Please visit the MyBU Student Portal for the most up-to-date course information. Note that this information may change at any time. Read the full terms of use.  "
ENG ME 406,Dynamics of Space Vehicles,ENG ME 302,,,,,"Undergraduate Prerequisites: (ENGME302) - Orbital mechanics of particles, earth satellite trajectories. Rocket propulsion and atmospheric reentry dynamics. Gravitational and electromagnetic fields of the earth. Effects of the space environment on vehicle performance. Rigid body dynamics and vehicle attitude control. Interplanetary trajectories and mission planning. Note that this information may change at any time. Please visit the MyBU Student Portal for the most up-to-date course information. Note that this information may change at any time. Read the full terms of use.  "
ENG ME 408,Aircraft Performance and Design,ENG ME 302,ENG ME 303,ENG ME 305,,,"Undergraduate Prerequisites: (ENGME302 & ENGME303 & ENGME305) - This course covers the fundamental elements of designing and analyzing fixed wing aircraft, including general aviation aircraft, commercial transports and selected military products. Student teams get to design an airplane from start to finish during the semester as well as compete with other teams for Best-in-Class design. Topics covered include Initial Sizing, Wing, Fuselage and Empennage Design, Propulsion Selection, Takeoff & Landing Performance, Structural Design, Stability & Control and Cost Assessment. Emphasis is put on modeling existing competitor aircraft in tandem with the students' design, which helps substantiate design choices. The use of spreadsheets is a key learning tool for this course. Note that this information may change at any time. Please visit the MyBU Student Portal for the most up-to-date course information. Note that this information may change at any time. Read the full terms of use.  "
ENG ME 411,Operations Research,ENG ME 366 OR CAS MA 381,ENG EK 102 OR CAS MA 142,,,,Undergraduate Prerequisites: (ENGME366 OR CASMA381) & (ENGEK102 OR CASMA142)) - No longer offered Note that this information may change at any time. Please visit the MyBU Student Portal for the most up-to-date course information. Note that this information may change at any time. Read the full terms of use.  
ENG ME 415,Product Design,ENG ME 345,ENG ME 407,ENG EK 409,,,Undergraduate Prerequisites: (ENGME345 & ENGME407 & ENGEK409) - No longer offered Note that this information may change at any time. Please visit the MyBU Student Portal for the most up-to-date course information. Note that this information may change at any time. Read the full terms of use.  
ENG ME 416,Introduction to Robotics,CAS MA 225,ENG EK 125,ENG EK 301,,,"Undergraduate Prerequisites: (CASMA225 & ENGEK125 & ENGEK301) - The term robot was first used by a Czech playwriter in 1920, but the fascination of humans with machines that can sense, process and act in their physical environment was there since ancient civilization. Today the convergence of relatively cheap but powerful hardware with many years of research makes possible to (almost) build robots in different shapes and for a variety of applications: industrial robots, vacuum cleaners, delivery drones, self-driving cars, etc. While this is an active field of research, the basic building blocks for a robot (modeling, control, perception, mapping and planning) are well understood. Through both theory and practice, in this class you will learn these basics, and build a simple but complete system that will compete with the creations of your peers. Note that this information may change at any time. Please visit the MyBU Student Portal for the most up-to-date course information. Note that this information may change at any time. Read the full terms of use.  "
ENG ME 419,Heat Transfer,,,,,,"Prerequisites: ENGME 303 & ENGME 304. - This course covers the fundamentals of heat transfer from a macroscopic and engineering perspective, and aims to develop a physical and analytical understanding of the three modes of heat transfer (conduction, convection, radiation), with an emphasis on simplifying approximations and empirical correlations to solve real-world engineering problems. The main topics that this course covers are: Steady-state conduction in one and two dimensions; Non-steady (transient) conduction in one-dimensional systems; Forced and natural convection (external and internal); Introduction to boiling, evaporation, and condensation; Application to heat exchangers; Radiation heat exchange; Mass Transfer Analogies (diffusion and convection). Note that this information may change at any time. Please visit the MyBU Student Portal for the most up-to-date course information. Note that this information may change at any time. Read the full terms of use.  "
ENG ME 420,Supply Chain Engineering,ENG EK 381,,,,,Undergraduate Prerequisites: (ENGEK381) - Emphasizes the integration of product design with the process of delivering products to customers. Review of manufacturing processes for process automation. Supply chain configuration and flow balancing. Seamless introduction of new products. Process reengineering and lean manufacturing techniques in established supply chains. Design of decision support systems. Note that this information may change at any time. Please visit the MyBU Student Portal for the most up-to-date course information. Note that this information may change at any time. Read the full terms of use.  
ENG ME 421,Aerodynamics,ENG ME 303,,,,,Undergraduate Prerequisites: (ENGME303) - Flow kinematics. Aerodynamic forces. Potential flow theory. Streamfunction and velocity potential in two-dimensional flows. 2D and 3D wing theory: thin airfoil theory and lifting line theory. Computational methods for potential flow. Linearized compressible flow. Laminar and turbulent boundary layers. Includes labs and computer projects. Note that this information may change at any time. Please visit the MyBU Student Portal for the most up-to-date course information. Note that this information may change at any time. Read the full terms of use.  
ENG ME 425,Compressible Flow and Propulsion,ENG ME 303,ENG ME 304,,,,"Undergraduate Prerequisites: (ENGME303 & ENGME304) - Fluid mechanics and thermodynamics of compressible fluid flow with application to external and internal flows as found in propulsion systems. Fluid/thermal related topics include: normal and oblique shocks, Prandtl-Meyer expansion waves, variable area duct flow, and wave drag. Propulsion applications include rocket nozzles, supersonic inlets, and exhaust nozzles for airbreathing propulsion systems. Parametric cycle analysis for ramjet, turbojet, and turbofan engines. Note that this information may change at any time. Please visit the MyBU Student Portal for the most up-to-date course information. Note that this information may change at any time. Read the full terms of use.  "
ENG ME 441,Mechanical Vibration,ENG ME 302,,,,,"Undergraduate Prerequisites: (ENGME302) - One- and multi-degree-of-freedom systems. Natural frequencies and modes of vibrations, resonance, beat phenomenon. Stability analysis. Energy methods. Applications to rotating machinery. Methods for vibration reduction. Note that this information may change at any time. Please visit the MyBU Student Portal for the most up-to-date course information. Note that this information may change at any time. Read the full terms of use.  "
ENG ME 452,Directed Study in Mechanical Engineering,BYPETITIONONLY,,,,,"Undergraduate Prerequisites: (By petition only.) - Under faculty supervision, students may study a subject that is relevant to mechanical engineering and is not covered in a regularly offered course. Term paper and/or written examination required at end of semester. Note that this information may change at any time. Please visit the MyBU Student Portal for the most up-to-date course information. Note that this information may change at any time. Read the full terms of use.  "
ENG ME 457,Engineering Projects in Mechanical Engineering,BYPETITIONONLY,,,,,"Undergraduate Prerequisites: (By petition only.) - Project for seniors in mechanical engineering. Students select, develop, and complete a project and prepare a report. Note that this information may change at any time. Please visit the MyBU Student Portal for the most up-to-date course information. Note that this information may change at any time. Read the full terms of use.  "
ENG ME 460,Senior Design 1,ENG ME 302,ENG ME 305,ENG ME 360CAS WR 150/1/2/3REQUIRED,,,"Undergraduate Prerequisites: (ENGME302 & ENGME305 & ENGME360) CAS WR 150/1/2/3 required. - The course develops skills that are crucial to the successful completion of the Mechanical Engineering Senior Capstone Design project. The core technical framework is electro-mechanical systems. Through lectures, workshops, and online materials, students gain practical experience in component and system design, project planning, and engineering communications. The course guides students through execution and documentation of the conceptual design stage of their Capstone projects. When taken with ENG ME 461, this course fulfills a single unit in the following BU Hub areas: Digital/Multimedia Expression, Oral and/or Signed Communication, Writing-Intensive Course, Research and Information Literacy. (1st sem.) Note that this information may change at any time. Please visit the MyBU Student Portal for the most up-to-date course information. Note that this information may change at any time. Read the full terms of use.  "
ENG ME 461,Senior Design 2,ENG ME 460SENI OR ST,ING,FIRSTYEARWRITINGSEMINARE,,,"Undergraduate Prerequisites: (ENGME 460) Senior standing; First Year Writing Seminar (e.g., WR 100 or WR 120). - The main activity in this course is the planning, and execution of a capstone project that represents a culmination of the Mechanical Engineering program. Students work in teams on either a research or design problem in some area of Mechanical Engineering that builds upon previous coursework. Class time will be focused on weekly project meetings with faculty. The course includes lectures on ethics, entrepreneurship, project management and other professional topics. Oral and written communications will be emphasized. When taken with ENGME 460, this course fulfills a single unit in the following BU Hub areas: Digital/Multimedia Expression, Oral and/or Signed Communication, Writing-Intensive Course, Research and Information Literacy. Note that this information may change at any time. Please visit the MyBU Student Portal for the most up-to-date course information. Note that this information may change at any time. Read the full terms of use.  "
ENG ME 500,Special Topics in Mechanical Engineering,,,,,,Seminar course on a topic of current interest in aerospace and mechanical engineering. Note that this information may change at any time. Please visit the MyBU Student Portal for the most up-to-date course information. Note that this information may change at any time. Read the full terms of use.  
ENG ME 501,Dynamic System Theory,FAMILIARITYWITHDIFFERENTIALEQUATIONS,"MATRICESATTHELEVELOFENG ME 404 OR CAS MA 242,",,,,"Undergraduate Prerequisites: Familiarity with differential equations and matrices at the level of E NG ME 404 or CAS MA 242, or consent of instructor. - Introduction to analytical concepts and examples of dynamic systems and control. Mathematical description and state space formation of dynamic systems; modeling, controllability, and observability. Eigenvector and transform analysis of linear systems including canonical forms. Performance specifications. State feedback: pole placement and the linear quadratic regulator. Introduction to MIMO design and system identification using computer tools and laboratory experiments. Meets with ENG EC 501 and ENG SE 501; students may not receive credit for both. Note that this information may change at any time. Please visit the MyBU Student Portal for the most up-to-date course information. Note that this information may change at any time. Read the full terms of use.  "
ENG ME 502,"Invention: Technology Creation, Protection, and Commercialization",SENI OR  OR GRADUATEST,INGINANENGINEERING OR SCIENCEDISCIPLINE,,,,"Undergraduate Prerequisites: (Senior or graduate standing in an engineering or science discipline o r consent of instructor) - This course provides students with the knowledge and tools necessary to create, protect, and commercialize engineering and scientific intellectual assets. Students will first make use of creativity tools to attack posed engineering problems, then turn to means for protecting their solutions. Rapidly growing areas that are affecting nearly all businesses (e.g., software and the internet) as well as ""high-tech"" areas including microelectronics, communications, and bioengineering will be emphasized. Extensive patent searches and analysis will be carried out to develop skills for quickly ascertaining the protected technical content of patents, and for recognizing what intellectual property (IP) should be and can be protected. Legal aspects for protecting creative ideas will be studied at a level appropriate for engineers to interact easily and smoothly during their technical careers with IP lawyers. Various business models for the commercialization of intellectual assets will be analyzed. Extensive class exercises and projects will explore in depth all three of these important areas of IP, with emphasis on key contributions during engineering and scientific research and development activities. Note that this information may change at any time. Please visit the MyBU Student Portal for the most up-to-date course information. Note that this information may change at any time. Read the full terms of use.  "
ENG ME 503,Kinetic Processes in Materials,UNDERGRADUATECOURSEINMATERIALSSCIENCE,ENGINEERING,,,,"Undergraduate Prerequisites: Undergraduate course in materials science and engineering. - Kinetics of mass transport, continuum and atomistic approaches, chemical diffusion; kinetics of chemical reactions, kinetics of adsorption and evaporation; nucleation and growth; solidification; spinodal decomposition; coarsening; martensitic transformations; order-disorder reactions; point defects and their relation to transport kinetics. Meets with ENGMS503; students may not receive credit for both. Note that this information may change at any time. Please visit the MyBU Student Portal for the most up-to-date course information. Note that this information may change at any time. Read the full terms of use.  "
ENG ME 504,Polymers and Soft Materials,GRADUATEST,ING OR INSTRUCT OR CONSENTAFTERENG EK 424 OR CAS PY 410,,,,"Undergraduate Prerequisites: Graduate standing or instructor consent after ENG EK 424 or CAS PY 410 - An introduction to soft matter for students with background in materials science, chemistry and physics. This graduate-level course covers general aspects of structure, interactions, and functions of polymers and soft materials (including colloidal suspensions). Specifically, students will learn key fundamentals behind the unique viscoelastic behavior of polymers and colloids, which an emphasis on understanding conceptual, structure/function, and mathematical roots. Topics include chain behavior and self-avoiding walks, Flory- Huggins theory, and development of DLVO theory for zetapotential measurements. On a practical level, students will leave the class with an understanding of why rubber bands are stretchy, why people can run on cornstarch in water, why mixing polymers is challenging, and why Kevlar is bendable yet bulletproof! This is a fast-paced graduate course that requires thermodynamics as a prereq and assumes a familiarity with basic organic chemistry, differentials equations, and basic linear algebra. Meets with ENG ME and MS 504; students may not receive credit for both. Note that this information may change at any time. Please visit the MyBU Student Portal for the most up-to-date course information. Note that this information may change at any time. Read the full terms of use.  "
ENG ME 505,Thermodynamics and Statistical Mechanics,UNDERGRADUATECOURSEINTHERMODYNAMICS,,,,,"Undergraduate Prerequisites: Undergraduate course in Thermodynamics. - The laws of thermodynamics; general formulation and applications to mechanical, electromagnetic and electromechanical systems; thermodynamics of solutions, phase diagrams; thermodynamics of interfaces, adsorption; defect equilibrium in crystals; statistical thermodynamics, including ensembles, gases, crystal lattices, and phase transitions. Same as ENGMS505; students may not receive credit for both. Note that this information may change at any time. Please visit the MyBU Student Portal for the most up-to-date course information. Note that this information may change at any time. Read the full terms of use.  "
ENG ME 506,Engineering Device Applications: From Physics to Design,SENI OR  OR GRADUATEST,"INGINTHEENGINEERING,PHYSICS, OR THECHEMISTRYDISCIPLINES,",,,,"Undergraduate Prerequisites: Senior or graduate standing in the Engineering, Physics, or the Chemis try disciplines, or consent of instructor. - Senior or graduate standing in the engineering, physics, or the chemistry disciplines, or consent of instructor. Topics include many sensors and actuators, including accelerometers and piezoelectric devices, as well as many other electromechanical devices, plus lasers, quantum dots, atomic force microscope, ellipsometry, plasma etching, advanced semiconductor based devices, scanning electron microscopes, and open to other student suggested directions. Such devices are used considerably in engineering, science, and technology, as well as in commercial high ""tech"" products, and for instrumentation and measuring purposes. Many devices will be taken apart and analyzed in terms of the operation,physics, design, device optimization, plus considerations of possible deviations from the original design. The intent here is that a confident mastery of these devices will improve the use and application of these devices for engineers, as well as provide a guide where jobs might be obtained in the use and possible enhancements of these devices. About 20 physical demonstrations will be given during the course. Note that this information may change at any time. Please visit the MyBU Student Portal for the most up-to-date course information. Note that this information may change at any time. Read the full terms of use.  "
ENG ME 507,Process Modeling and Control,ENG EK 307 OR CAS MA 226COURSEW OR K,PERMISSIONOFTHEINSTRUCT OR ,,,,"Undergraduate Prerequisites: (ENGEK307 OR CASMA226) or equivalent coursework and permission of the instructor. Senior or g raduate standing in engineering. - An introduction to modeling and control as applied to industrial unit processes providing the basis for process development and improvement. Major themes include an integrated treatment of modeling multi-domain physical systems (electrical, mechanical, fluid, thermal), application of classical control techniques, and system design. Topics include modeling techniques, analysis of linear dynamics, control fundamentals in the time and frequency domain, and actuator selection and control structure design. Examples drawn from a variety of manufacturing processes and case studies. Meets with ENGMS507. Students may not receive credit for both. Note that this information may change at any time. Please visit the MyBU Student Portal for the most up-to-date course information. Note that this information may change at any time. Read the full terms of use.  "
ENG ME 508,Computational Methods in Materials Science,ENG ME 503,ENG ME 505,,,,"Undergraduate Prerequisites: (ENGME503 & ENGME505) - Introduction to computational materials science. Multi-scale simulation methods; electronic structure, atomistic, micro-structure, continuum, and mathematical analysis methods; rate processes and rare events. Materials defect theory; modeling of crystal defects, solid micro-structures, fluids, polymers, and bio-polymers. Materials scaling theory: phase transition, dimensionality, and localization. Perspectives on predictive materials design. Topics covered include tight binding theory, density functional theory, and many-body perturbation theory. Lectures provide the theoretical framework for computation. Same as CAS CH 455, GRS CH 572, ENG MS 508. Students may not receive credit for both. Note that this information may change at any time. Please visit the MyBU Student Portal for the most up-to-date course information. Note that this information may change at any time. Read the full terms of use.  "
ENG ME 510,Production Systems Analysis,ENG ME 345,,,,,"Undergraduate Prerequisites: (ENGME345) or consent of instructor - Operations research and dynamic systems methods applied in modeling, analysis, and control of production systems. Inventory analysis and control for single and multi-item systems based on deterministic and stochastic demand models. Demand forecasting. Supply chain management. Machine, flow shop and job shop scheduling, project scheduling with PERT and CPM. Production control methods: MRP, MRP-II, Just-in-Time, and Kanban. Note that this information may change at any time. Please visit the MyBU Student Portal for the most up-to-date course information. Note that this information may change at any time. Read the full terms of use.  "
ENG ME 514,Simulation,ENG EK 127 OR KNOWLEDGEOFGENERALPROGRAMMINGLANGUAGE,CAS MA 381,,,,"Undergraduate Prerequisites: ENG EK127 or knowledge of general programming language; CAS MA 381 - Modeling of discrete event systems and their analysis through simulation. Systems considered include, but are not limited to, manufacturing systems, computer-communication networks and computer systems. Simulating random environments and output analysis in such contexts. A simulation language is introduced and is the main tool for simulation experimentation. Same as ENG EC 514; students may not receive credit for both. Note that this information may change at any time. Please visit the MyBU Student Portal for the most up-to-date course information. Note that this information may change at any time. Read the full terms of use.  "
ENG ME 515,Vibration of Complex Mechanical Systems,CAS MA 226,ENG ME 302,,,,"Undergraduate Prerequisites: (CASMA226 & ENGME302) - Analysis of free and forced vibration of multidegree-of-freedom systems. Analysis of free and forced vibration of continuous systems such as strings, bars, beams, and membranes. Introduction to vibration control, vibration isolation, and vibration absorbers. Introduction to vibration sensors. Analysis of free and forced vibration of systems and structures modeled with the finite element method. Students learn computational implementation of all analyses. Note that this information may change at any time. Please visit the MyBU Student Portal for the most up-to-date course information. Note that this information may change at any time. Read the full terms of use.  "
ENG ME 516,Statistical Mechanical Concepts in Engineering,ENG ME 303,ENG ME 304,ENG ME 419,,,"Undergraduate Prerequisites: (ENGME303 & ENGME304 & ENGME419) - Statistical mechanics uses probability theory to establish a connection between the microscopic properties of individual molecules and macroscopic properties of matter, such as temperature, pressure, entropy, heat capacity and viscosity. Review of thermodynamics. Fundamentals of probability theory. Phase space dynamics. Ensembles and averages. Statistical formulation of photons (Light), phonons (lattice vibrations in solids), electrons in a metals and classical gases. Classical transport. Introduction to non- equilibrium phenomena. Note that this information may change at any time. Please visit the MyBU Student Portal for the most up-to-date course information. Note that this information may change at any time. Read the full terms of use.  "
ENG ME 517,Product Development,SENI OR  OR GRADUATEST,INGINANENGINEERINGDISCIPLINE,,,,"Undergraduate Prerequisites: Senior or graduate standing in an engineering discipline - Dynamics of converting ideas into marketable products. Choosing products and defining their specifications to achieve competitive advantage. The product development process is decomposed and its elements are examined critically in the context of actual case studies; risk evaluation, concurrent engineering, and impact of new product decisions on the factory. A step-by-step methodology for new product development is derived. Note that this information may change at any time. Please visit the MyBU Student Portal for the most up-to-date course information. Note that this information may change at any time. Read the full terms of use.  "
ENG ME 518,Product Quality,CONSENTOFINSTRUCT OR ,,,,,"Undergraduate Prerequisites: consent of instructor - Introduction to statistical methods for design, control and improvement of quality. Includes Statistical Process and Quality Control (SPC & SQC) and Acceptance Sampling. Extensive coverage of Design of Experiments (DOE) with applications to designing quality into products and to process and product performance improvement. Also covers Robust Design and Taguchi's method. Introduction to modern approaches to management of quality (TQM, Six Sigma). Note that this information may change at any time. Please visit the MyBU Student Portal for the most up-to-date course information. Note that this information may change at any time. Read the full terms of use.  "
ENG ME 519,Theory of Heat Transfer,ENG ME 419,,,,,"Undergraduate Prerequisites: (ENGME419) - Analytical, numerical, and physical aspects of heat transfer phenomena, with emphasis on nondimensionalization and scaling. Mathematical treatment of steady and unsteady conduction, including finite difference methods. Forced and natural convection in internal and external flows. Thermal radiation and multimode heat transfer. Melting and solidification. Applications to aerospace heat transfer, energy systems, manufacturing, and biological heat transfer. Note that this information may change at any time. Please visit the MyBU Student Portal for the most up-to-date course information. Note that this information may change at any time. Read the full terms of use.  "
ENG ME 520,Acoustics 1,ENG ME 302,ENG ME 303,ENG ME 304,,,"Undergraduate Prerequisites: (ENGME 302 & ENGME 303 & ENGME 304). - Introduction to wave propagation and sound. Derivation of the linear wave equation with emphasis on its origins in the conservation equations of fluid media and fluid equations of state. Plane wave and spherical wave propagation. Initial value and boundary value problems, including normal modes and waveguides. General concepts such as acoustic impedance and intensity. Lumped elements. The wave equation in horns and stratified media. Other topics may include biomedical ultrasound, acoustic levitation, etc. . . as time permits. Note that this information may change at any time. Please visit the MyBU Student Portal for the most up-to-date course information. Note that this information may change at any time. Read the full terms of use.  "
ENG ME 521,Continuum Mechanics,ENG ME 303 OR ENG BE 436,ENG ME 304 OR ENG EK 424,,"ENG ME 305 OR ENG BE 420, OR BYCONSENTOFINSTRUCT OR ",,"Undergraduate Prerequisites: (ENGME303 OR ENGBE436) and ENGME304 or ENGEK424; and ENGME305 or ENGBE420, or by consent of i nstructor - The main goal of this course is to present a unified, mathematically rigorous approach to two classical branches of mechanics: the mechanics of fluids and the mechanics of solids. Topics will include kinematics, stress analysis, balance laws (mass, momentum, and energy), the entropy inequality, and constitutive equations in the framework of Cartesian vectors and tensors. Emphasis will be placed on mechanical principles that apply to all materials by using the unifying mathematical framework of Cartesian vectors and tensors. Illustrative examples from biology and physiology will be used to describe basic concepts in continuum mechanics. The course will end at the point from which specialized courses devoted to problems in fluid mechanics (e.g. biotransport) and solid mechanics (e.g. cellular biomechanics) could logically proceed; Same as ENG BE 521. Students may not receive credit for both. Note that this information may change at any time. Please visit the MyBU Student Portal for the most up-to-date course information. Note that this information may change at any time. Read the full terms of use.  "
ENG ME 524,Skeletal Tissue Mechanics,ENG EK 301,ENG ME 302,ENG ME 305,ENG ME 309,CAS MA 242,"Undergraduate Prerequisites: (ENGEK301 & ENGME302 & ENGME305 & ENGME309 & CASMA242) or equivalent - The course is structured around classical topics in mechanics of materials and their application to study of the mechanical behavior of skeletal tissues, whole bones, bone-implant systems, and diarthroidal joints. Topics include: mechanical behavior of tissues, (anisotropy, viscoelasticity, fracture and fatigue) with emphasis on the role of the microstructure of these tissues; structural properties of whole bones and implants (composite and asymmetric bean theories); and mechanical function of joints (contact mechanics, lubrication, and wear). Emphasis is placed on using experimental data to test and to develop theoretical models, as well as on using the knowledge gained to address common health related problems related to aging, disease, and injury. Meets with ENG MS 524 and ENG BE 524. Students may not receive credit for both. Note that this information may change at any time. Please visit the MyBU Student Portal for the most up-to-date course information. Note that this information may change at any time. Read the full terms of use.  "
ENG ME 525,Technology Ventures,SENI OR  OR GRADUATEST,"INGINANENGINEERING OR SCIENCEDISCIPLINE,",,,,"Undergraduate Prerequisites: Senior or graduate standing in an engineering or science discipline, o r consent of instructor. - An introduction to the formation and management of technology-based enterprises for engineers and scientists. Modules include opportunity recognition and evaluation, gathering financial and human resources, and managing and harvesting ventures. Goals include an understanding of basic start-up finance and accounting, writing business plans, presenting venture ideas to industry experts, and venture leadership skills. Students become familiar with fundamental technical and engineering issues in a wide variety of high-tech industries, especially information technology, life sciences, biotechnology and telecommunications. Case studies, lectures, workshops, and projects are utilized. Note that this information may change at any time. Please visit the MyBU Student Portal for the most up-to-date course information. Note that this information may change at any time. Read the full terms of use.  "
ENG ME 526,Simulation of Physical Processes,SENI OR  OR GRADUATEST,"INGINTHEENGINEERING,PHYSICS, OR THECHEMISTRYDISCIPLINES,",,,,"Undergraduate Prerequisites: Senior or graduate standing in the engineering, physics, or the chemistry disciplines, or consent of instructor. Modern simulation methods are covered for describing and analyzing the behavior of realistic nonlinear systems that occur in the engineering and science disciplines. By developing and applying such methods and tools, much deeper understanding, insight, and control of novel technologies can be gained, thereby often greatly aiding technology development, and sometimes providing the leverage to turn a novel technology into a practical reality. Physical and numerical changes of scales necessary for modeling macro-, meso-, and nanoscopic phenomena will be covered. Advanced numerical methods will be addressed for attacking nonlinear partial differential equations, as well as key aspects of the finite element method. Extensive use will be made of the modern computational tools Mathematica and COMSOL. Examples will be covered that include problems in micro and nanoelectronics, bioengineering, material science, photonics, and physics. Connections of these examples to sensing instrumentation and control will be made. Same as MS 526. Students may not receive credit for both. Note that this information may change at any time. Please visit the MyBU Student Portal for the most up-to-date course information. Note that this information may change at any time. Read the full terms of use.  "
ENG ME 527,Transport Phenomena in Materials Processing,ENG ME 304,,,,,"Undergraduate Prerequisites: (ENGME304) or equivalent or consent of instructor - Introduction to momentum, heat and mass transport phenomena occurring in various processes. Whereas transport phenomena underlie many processes in engineering, agriculture, meteorology, physiology, biology, analytical chemistry, materials science, pharmacy and other areas, they are key to specific applications in diverse areas such as materials processing, green manufacturing of primary materials, biological membranes, fuel cell engineering, synthesis of clean fuels. This course covers three closely related transport phenomena: momentum transfer (fluid flow), energy transfer (heat flow) and mass transfer (diffusion). The mathematical underpinnings of all three transport phenomena are closely related and the differential equations governing them are frequently quite similar. Since in many situations the three transport phenomena occur together, they are presented and studied together in this course. Meets with ENGMS527. Students may not receive credit for both. Note that this information may change at any time. Please visit the MyBU Student Portal for the most up-to-date course information. Note that this information may change at any time. Read the full terms of use.  "
ENG ME 528,Biological Physics,GRADUATEST,ING OR INSTRUCT OR CONSENT,,,,"Undergraduate Prerequisites: Graduate standing or instructor consent. Introductory courses in hydro dynamics, thermodynamics, math (Fornier transform) and standard Calcul us. - This course offers an introduction to biological physics and consists of four blocks. 1)Thermodynamics and statistical physics with a particular focus on Einstein's approach. 2)Physics of (Bio) polymer networks. 3) Nano and Microfluidics and life and low Reynold numbers. 4) Interface physics and biomembranes. Note that this information may change at any time. Please visit the MyBU Student Portal for the most up-to-date course information. Note that this information may change at any time. Read the full terms of use.  "
ENG ME 533,Energy Conversion,ENG ME 304,,,,,"Undergraduate Prerequisites: (ENGME304) - Thermodynamic and mechanical aspects of modern conventional energy conversion systems, including steam electric power plants, gas turbine and internal combustion engines, and refrigeration systems. Combined cycle and cogeneration are also considered, as well as economic and environmental aspects of energy conversion. Includes design project. Note that this information may change at any time. Please visit the MyBU Student Portal for the most up-to-date course information. Note that this information may change at any time. Read the full terms of use.  "
ENG ME 535,Green Manufacturing,SENI OR /GRADUATEST,ING,CAS CH 101 OR CAS CH 131,CAS MA 226,ENG ME 304 OR ENG EK 424,"Undergraduate Prerequisites: Senior/graduate standing; CASCH101 or CASCH131; CASMA226; ENGME304 or ENGEK424; or consent of instructor. - Provides a systems view of the manufacturing process that aims to efficiently use energy, water, and raw materials to minimize air and water pollution and generation of waste per unit of the manufactured product. Specifically, the course will discuss methods to maximize yield and minimize waste effluents in processes, ways to devise treatment strategies for handling manufacturing wastes, innovative ways to decrease energy consumption in manufacturing, by-product use and product recycling, and policies that encourage green manufacturing. Same as ENG MS 535. Students may not receive credits for both. Note that this information may change at any time. Please visit the MyBU Student Portal for the most up-to-date course information. Note that this information may change at any time. Read the full terms of use.  "
ENG ME 537,Product Realization,,,,,,"This course focuses on the essential and challenging process of getting a design from the drawing board into the hands of a customer. Cases are drawn from a range of industries, technologies and development speeds (everything from hardware startups to aircraft). It includes topics such as Design for Manufacturing, validation testing, cash flow modeling, in vs outsourcing, setting up a factory, selecting supplier partners, distribution, and ongoing product support. There will be a semester long project to build and prototype a small production line. Note that this information may change at any time. Please visit the MyBU Student Portal for the most up-to-date course information. Note that this information may change at any time. Read the full terms of use.  "
ENG ME 538,Introduction to Finite Element Methods and Analysis,"ENG ME 305,LINEARALGEBRA, OR DINARYDIFFERENTIALEQUATIONS",,,,,"Undergraduate Prerequisites: ENG ME 305, Linear Algebra, Ordinary differential equations. - This class serves as an introduction to linear finite element method, and its application to static and dynamic problems with an emphasis on solid mechanics. The first half of the course will use the stiffness and energy approaches to developing the finite element equations as applied to bars, beams and trusses. Lab sessions will focus on learning how to utilize commercially-relevant finite element software to find numerical solutions to problems in solid mechanics. The second half of the course will focus on developing the finite element method as one that is applicable as a general numerical method for solving ordinary and partial differential equations that arise in all areas of science and engineering, including solid and fluid mechanics, thermal systems and electrostatics. Note that this information may change at any time. Please visit the MyBU Student Portal for the most up-to-date course information. Note that this information may change at any time. Read the full terms of use.  "
ENG ME 541,Classical and Non-Equilibrium Thermodynamics,ENG ME 304,,,,,"Undergraduate Prerequisites: (ENGME304) - First law and second law. Entropy. Extremum principles. Gases, liquids, and solids. Phase transition. Solutions. Kinetics. Fields and internal degrees of freedom. Non-equilibrium systems. Radiation. Biological systems. Small systems. Stability theory. Critical phenomena. Statistical mechanics. Note that this information may change at any time. Please visit the MyBU Student Portal for the most up-to-date course information. Note that this information may change at any time. Read the full terms of use.  "
ENG ME 542,Advanced Fluid Mechanics,ENG ME 303,,,,,"Undergraduate Prerequisites: ENG ME 303 - Incompressible fluid flow. Review of control-volume approach to fluids engineering problems, with advanced applications. Differential analysis of fluid motion. Derivation of full Navier-Stokes, Euler, and Bernoulli equations. Unsteady Bernoulli equation. Velocity potential and its application to steady 2D flows. Vorticity and vortex motion. Note that this information may change at any time. Please visit the MyBU Student Portal for the most up-to-date course information. Note that this information may change at any time. Read the full terms of use.  "
ENG ME 543,"Sustainable Power Systems: Planning, Operation and Markets",SENI OR ST,ING,,,,"Undergraduate Prerequisites: Senior standing or consent of instructor. - Breakthroughs in clean energy generation technologies and the advantage of exploiting efficiently the available work in fossil fuels will render electricity the dominant energy form in a sustainable environment future. We review the key characteristics of Electric Power Transmission and Distribution (T&D) networks and the associated planning and operation requirements that ensure supply adequacy, system security and stability. Capital asset investment and operation cost minimization is discussed in a systems engineering context where the assets as well as the dynamic behavior of generators, T&D networks, and loads interact. Recent developments in the formation of competitive wholesale markets at the High Voltage Transmission system level, the associated market participation and clearing rules and the market clearing optimization algorithms are presented and analyzed in terms of their effectiveness in fostering cost reflective price signals and competitive conditions that encourage optimal distributed/not-centralized investment and operating decisions. Finally, we present T&D congestion and supply-demand imbalance related barriers to the widespread adoption of environmentally friendly and economically efficient technological breakthroughs, and propose a systems engineering and real-time retail-market based coordination of centralized as well as decentralized generation, storage and load management resources that is able to achieve desirable synergies and mitigate these barriers. Same as ENG EC 543 and ENG SE 543. Students may not receive credits for both. Note that this information may change at any time. Please visit the MyBU Student Portal for the most up-to-date course information. Note that this information may change at any time. Read the full terms of use.  "
ENG ME 544,Networking the Physical World,ENG EC 312,ENG EC 450,,,,"Undergraduate Prerequisites: ENGEC312 & ENGEC450 or equivalent. ENGEC441 is desirable. C programmin g experience. - Considers the evolution of embedded network sensing systems with the introduction of wireless network connectivity. Key themes are computing optimized for resource constrained (cost, energy, memory and storage space) applications and sensing interfaces to connect to the physical world. Studies current technology for networked embedded network sensors including evolving protocol standards. A laboratory component of the course introduces students to the unique characteristics of distributed sensor motes including programming, reliable communication, sensing modalities, calibration, and application development. Experience with the C language is required.Same as ENG EC 544 and ENG SE 544. Students may not receive credit for both. Note that this information may change at any time. Please visit the MyBU Student Portal for the most up-to-date course information. Note that this information may change at any time. Read the full terms of use.  "
ENG ME 545,Electrochemistry of Fuel Cells and Batteries,ENG ME 505,,,,,"Undergraduate Prerequisites: (ENGME505) - Topics covered include Fundamental Electrochemistry of solid-state materials as well as aqueous and non-aqueous systems including molten salts. Thermodynamics and kinetics of electrode reactions and associated mass transport in electrochemical systems. Measurements techniques (dc polarization, ac impedance spectroscopy, blocking electrodes, etc.) used in characterizing electrochemical systems. Design of devices including fuel cells, batteries, and sensors. Electrochemical processes including membrane separation and electrolysis. Same as ENG MS 545. Students may not receive credits for both. Note that this information may change at any time. Please visit the MyBU Student Portal for the most up-to-date course information. Note that this information may change at any time. Read the full terms of use.  "
ENG ME 546,Introduction to Micro/Nanofluidics,ENG ME 303,ENG ME 419,,,,"Undergraduate Prerequisites: (ENGME303 & ENGME419) or consent of instructor - This course is an introductory graduate course in mechanical engineering. It is aiming to introduce unique transport phenomena and major applications of micro/nanofluidics to senior undergraduates and new graduate students. Topics include overview of micro/nanofluidics, scaling laws, intermolecular forces, lubrication theory, surface tension and Marangoni flow, chaotic mixing, electrowetting, electrokinetics, dielectrophoresis, chemical reaction in confined space, micro/nano fabrication, etc. Special emphasis will be focused on understanding fundamental mechanism of transport phenomena at the micro/nanoscale. Note that this information may change at any time. Please visit the MyBU Student Portal for the most up-to-date course information. Note that this information may change at any time. Read the full terms of use.  "
ENG ME 547,Introduction to Computational Fluid Dynamics,"CALCULUS,LINEARALGEBRA,DIFFERENTIALEQUATIONS,FIRSTCOURSEINFLUIDMECHANICS",,,,,"Undergraduate Prerequisites: Calculus, linear algebra, differential equations, first course in flui d mechanics - This course will prepare students in the fundamentals of the computational approach to study fluid flow problems, and will provide a deeper understanding of the physical models and governing equations of fluid dynamics. It will also present an opportunity to learn the basic skills of programming solutions to differential equations, and present an overview of essential numerical techniques. Students will develop finite difference based computer models as part of the ""12 Steps"" to numerically solving the laminar Navier-Stokes equations. Consistency, stability and convergence of the numerical methods will be discussed. Extensions to turbulent flows will be considered. The students will be introduced to an open source CFD code and will explore numerical solutions to problems in fluid mechanics using the code. Note that this information may change at any time. Please visit the MyBU Student Portal for the most up-to-date course information. Note that this information may change at any time. Read the full terms of use.  "
ENG ME 549,Structures and Function of the Extracellular Matrix,,,,,,"This is an introductory course dealing with the detailed structure of the basic units of the extracellular matrix including collagen, elastin, microfibrils, and proteoglycans as well as the functional properties such as elasticity at different scales from molecule to fibrils to organ level behavior. The biological role of these components and their interaction with cells is also covered. Interaction of enzymes and the matrix in the presence of mechanical forces is discussed. Mathematical modeling is applied at various length scales of the extracellular matrix that provides quantitative understanding of the structure and function relationship. Special topics include how diseases affect extracellular matrix in the lung, cartilage, and vasculature. The relevance of the properties of native extracellular matrix for tissue engineering is also discussed. Same as ENG BE 549 and ENG MS 549. Students may not receive credit for both. Note that this information may change at any time. Please visit the MyBU Student Portal for the most up-to-date course information. Note that this information may change at any time. Read the full terms of use.  "
ENG ME 555,MEMS: Fabrication and Materials,GRADUATESTATUS OR CONSENTOFTHEINSTRUCT OR ,,,,,"Undergraduate Prerequisites: Graduate status or consent of the instructor. - This course will explore the world of microelectromechanical systems (MEMS) and NEMS. This requires an awareness of design, fabrication, and materials issues involved in micro/nanosystems. We will go over this through a combination of lectures, case studies, and individual homework assignments. The course will cover fabrication technologies, material properties, structural mechanics, basic sensing and actuation principles, packaging, and MEMS markets and applications. The course will emphasize the fabrication and materials of micro/nanosystems. This is not because the other parts aren't important. Instead, it is because with fabrication and materials expertise there is something concrete you can do that will always help. When we exam special topics and case studies, a lot of these other pieces will be put together. Same as ENG MS 555. Students may not receive credit for both. Note that this information may change at any time. Please visit the MyBU Student Portal for the most up-to-date course information. Note that this information may change at any time. Read the full terms of use.  "
ENG ME 557,Additive Manufacturing,,,,,,"This course will teach the fundamentals of Additive Manufacturing (AM) theory and how AM is being used in industry to accelerate product development and replace more traditional low-volume and high volume manufacturing processes. Topics will cover the technologies, methods and applications or a range of additive methods including FDM (Fused Deposition Modeling), SLA (Sterolithography) and MLS(Metal Laster Sintering), methods for designing for additive will be covered, and implications of additive manufacturing in the complete product life-cycle. We will use the equipment in EPIC to demonstrate and practice the design and production of additive parts. Note that this information may change at any time. Please visit the MyBU Student Portal for the most up-to-date course information. Note that this information may change at any time. Read the full terms of use.  "
ENG ME 559,Manufacturing Processes for Design and Production,,,,,,"Prerequisites: ENGME305, 306 and 360. - Good product design requires an engineer to simultaneously consider the function of the product, the materials from which it is made, and how it how it will be manufactured. This course will train students, using both theory and hands-on experience, how materials selection and manufacturing processes affect design decisions, and vice versa. The students will learn how the combination of Function, Form, Material and Manufacturing all impact Cost, Quality, and Schedule. In addition to an advanced introduction to major manufacturing methods, the course will review a number of related topics critical to the design process including: material selection, tolerancing (GD&T), metrology, Design for Manufacturing, Design for Assembly, part and production costing, assembly and automation, and designing an assembly production line. The learnings will be reinforced through multiple hands-on projects in EPIC and will culminate with a multi-week capstone project incorporating the above. Note that this information may change at any time. Please visit the MyBU Student Portal for the most up-to-date course information. Note that this information may change at any time. Read the full terms of use.  "
ENG ME 560,Precision Machine Design and Instrumentation,SENI OR  OR GRADUATEST,INGWITHBASICCADEXPERIENCE,,,,"Undergraduate Prerequisites: Senior or graduate standing with basic CAD experience or consent of in structor. - This interdisciplinary course teaches the student how to design, instrument, and control high-precision, computer-controlled automation equipment, using concrete examples drawn from the photonics, biotech, and semi-conductor industries. Topics covered include design strategy, high-precision mechanical components, sensors and measurement, servo control, design for controllability, control software development, controller hardware, as well as automated error detection and recovery. Students will work in teams, both in-classroom and out-of-classroom, to integrate and apply the material covered in class to a term-long multi-part design project in PTC Pro-Engineer or other comparable CAD system, culminating in a group presentation at the end of the class. Note that this information may change at any time. Please visit the MyBU Student Portal for the most up-to-date course information. Note that this information may change at any time. Read the full terms of use.  "
ENG ME 566,Advanced Engineering Mathematics,CAS MA 225,CAS MA 226SENI OR ST,"ING,",CONSENTOFINSTRUCT OR ,,"Undergraduate Prerequisites: (CASMA225 & CASMA226) Senior standing, and consent of instructor. - Introduces students of engineering to various mathematical techniques which are necessary in order to solve practical problems. Topics covered include a review of calculus methods, elements of probability and statistics, linear algebra, transform methods, difference and differential equations, numerical techniques, and mathematical techniques in optimization theory. Examples and case studies focus on applications to several engineering disciplines. The intended audience for this course is advanced seniors and entering MS engineering students who desire strengthening of their fundamental mathematical skills in preparation for advanced studies and research. Note that this information may change at any time. Please visit the MyBU Student Portal for the most up-to-date course information. Note that this information may change at any time. Read the full terms of use.  "
ENG ME 568,Soft Robotic Technologies,"CAD,INSTRUMENTATIONELECTRONICBOARDS",,,,,"Undergraduate Prerequisites: CAD, Instrumentation (electronic boards-reading/acquiring signal), bas ic Material science, structural mechanics, basic fluid mechanics, Matl ab programming - Thia course will introduce students to the field of soft robotics and more generally to non-conventional actuation (e.g. shape memory alloys, soft fluidic actuators, electroactive polymers, etc.) and sensing technologies (soft and flexible technologies based on resistive, capacitive, and optics). They will learn the fluid physics principles that drive them and how they can be designed, manufactured, and integrated into functional soft robotic systems. The class will have a substantial experimental hands-on component during which students will learn challenges and opportunities in the design, manufacturing, modeling, and control of such systems. They will also learn how to apply these technologies to address current shortcomings of traditional rigid robotics. Note that this information may change at any time. Please visit the MyBU Student Portal for the most up-to-date course information. Note that this information may change at any time. Read the full terms of use.  "
ENG ME 570,Robot Motion Planning,"CAS MA 226,ENG EK 103",ENG EK 121 OR ENG EK 125,,,,"Undergraduate Prerequisites: CASMA226, ENGEK103 and ENGEK121 or ENGEK125 - Provides an overview of state-of-the-art techniques for robot motion planning. The emphasis is on the algorithms. It covers topology of configuration spaces, potential functions, roadmaps, cell decompositions, sampling-based algorithms, and model checking approaches to robot motion planning and control. Note that this information may change at any time. Please visit the MyBU Student Portal for the most up-to-date course information. Note that this information may change at any time. Read the full terms of use.  "
ENG ME 571,Medical Robotics,CONSENTOFINSTRUCT OR ,,,,,"Undergraduate Prerequisites: Consent of Instructor - Graduate Prerequisites: Mechanical Design (CAD), Experience in Fabrication, Experience with Pr ogramming/Automation, Technical Communication (e.g. writing and presen tation). Consent of Instructor - This course will be composed of lectures, tutorials, and group work. We will study the design, mechanics, materials, manufacturing, and control of robots and associated technologies for medical applications. We will cover theory, on medical robotics and case studies, including examples from medical companies and research groups.This class is aimed toward graduate students in engineering; no medical background is required. We will study and explore design principles of different mechatronic components and systems for medical robots. We will cover in-depth especially the meso-scale actuators, sensors, and body construction methods. Note that this information may change at any time. Please visit the MyBU Student Portal for the most up-to-date course information. Note that this information may change at any time. Read the full terms of use.  "
ENG ME 576,Nanomanufacturing and Hierarchical Materials,ENG ME 304,ENG ME 305,"ENG ME 306SENI OR , OR GRADUATEST",ING,,"Undergraduate Prerequisites: (ENGME304 & ENGME305 & ENGME306) Senior, or graduate standing - Nanoscale materials are often celebrated as having unique properties that exceed their bulk counterparts. However, leveraging such nanoscale materials as components in bulk materials is challenging as it requires (1) making enough material to be relevant on bulk scales and (2) incorporating nanomaterials at a bulk scale in amannerso as to maximize their effect. The structural ordering of these nanomaterials can range from disordered, as in the case of nanocomposites, to highly ordered, as is generally the case in metamaterials. This course is designed to communicate he state-of-the-art, challenges, and opportunities of constructing hierarchical materials with nanoscale constituents. Same as ENG MS 576. Students may not receive credits for both. Note that this information may change at any time. Please visit the MyBU Student Portal for the most up-to-date course information. Note that this information may change at any time. Read the full terms of use.  "
ENG ME 579,Nano/microelectronic Device Technology,CONSENTOFINSTRUCT OR ,,,,,"Undergraduate Prerequisites: Consent of instructor. - The main physical processes and manufacturing strategies for the fabrication and manufacture of micro and nanoelectronic devices will be covered, mostly for silicon, although exciting materials such as graphene and carbon nanotubes will also be covered. A key emphasis here will be on electron- hole transport, band structure, basic quantum effects, and the use of engineering and physical effects to alter semiconductor device performance. Photolithography, a significant factor in manufacturability, will be covered in some detail, and to a lesser degree, so will doping methods, diffusion, oxidation, etching, and deposition. The overall integration with methods and tools employed by device and circuit designers will be covered. Same as ENG EC 579; students may not receive credit for both. Note that this information may change at any time. Please visit the MyBU Student Portal for the most up-to-date course information. Note that this information may change at any time. Read the full terms of use.  "
ENG ME 580,Theory of Elasticity,ENG ME 309,,,,,"Undergraduate Prerequisites: (ENGME309) or equivalent - An introduction to the general theory of solid deformation; small deformation emphasized. Topics include: Cartesian tensors, indicial notation. Introduction to continuum mechanics: deformation of continuous media, deformation gradient, strain definitions. Stress, Cauchy's postulate, Cauchy and Piola-Kirchhoff stress tensors. Balance laws. Constitutive equations, strain energy and Green's postulate. Linear Elasticity: Two dimensional problems, Airy stress function, in plane loading of strips, St. Venant's principle, complex variable methods, Goursat-Muskhelishvili representation, stress concentrations around holes and cracks. Three dimensional problems, Kelvin's solution, the Boussinesq problem, Hertzian contact, Eshelby's energy-momentum tensor. Same as ENG MS 580. Students may not receive credits for both. Note that this information may change at any time. Please visit the MyBU Student Portal for the most up-to-date course information. Note that this information may change at any time. Read the full terms of use.  "
ENG ME 582,Mechanical Behavior of Materials,ENG ME 309,,,,,"Undergraduate Prerequisites: ENG ME 309 - Fundamental concepts of modern materials behavior and materials engineering. Emphasis on analytical and numerical methods for predicting material properties and behavior, as well as some discussion of the relationships between solid structure and material properties. Topics include: constitutive relations, fracture, fatigue, plasticity, creep, damping, impact, and deformation. Elastic, plastic, and viscous behavior. Some discussion of the effects of processing--thermodynamics, kinetics--may be addressed. Specific examples from ceramics, metals, polymers, and composites is given, with the emphasis changing for each offering. Same as ENG MS 582. Students may not receive credist for both. Note that this information may change at any time. Please visit the MyBU Student Portal for the most up-to-date course information. Note that this information may change at any time. Read the full terms of use.  "
ENG ME 583,Product Management,GRADUATEST,ING,,,,"Undergraduate Prerequisites: Graduate standing or consent of instructor. - Planning and execution of the process of bringing new tangible and intangible products to market. Review of the new product development process. Establishment of the new product specification. Setting of financial expectations. Formation and dynamics of the product implementation team. Organization of the new product introduction project including matrixed management and financial control. Contingency planning and risk management. Taught through case-based discussions, lectures, and readings. Note that this information may change at any time. Please visit the MyBU Student Portal for the most up-to-date course information. Note that this information may change at any time. Read the full terms of use.  "
ENG ME 584,Manufacturing Strategy,ENG ME 420 OR ENG ME 510,,,,,"Undergraduate Prerequisites: (ENGME420 OR ENGME510) or consent of instructor - Strategic decision-making for technical people in manufacturing companies. Provides practice in applying financial, organizational, and operational concepts through analysis and discussion of case situations. Topics include process alternatives and their implications; interactions among product design, process design, worker skill and worker motivation; supplier relationships; interfaces with marketing and finance; introduction of new technology; capacity planning; and competitive analysis. Taught principally by in-class discussion plus guest lectures. Note that this information may change at any time. Please visit the MyBU Student Portal for the most up-to-date course information. Note that this information may change at any time. Read the full terms of use.  "
ENG ME 606,Industrial Practicum,"ENROLLMENTINTHEMANUFACTURINGENGINEERINGMS OR MENGPROGRAM,",,,,,"Undergraduate Prerequisites: Enrollment in the Manufacturing Engineering MS or MEng program, or con sent of instructor. - The industrial practicum practicum is a semester-long team project based on problems with industrial relevance. Conducted in an industrial environment, the goal of the practicum is to provide students with hands-on experience to supplement their theoretical knowledge, and to help them further develop professional competencies. Oral presentation and written project report required. Note that this information may change at any time. Please visit the MyBU Student Portal for the most up-to-date course information. Note that this information may change at any time. Read the full terms of use.  "
ENG ME 691,Advanced Product Design and Engineering,,,,,,"Graduate Prerequisites: Graduate standing in an an engineering discipline. Previous courses in materials science, CAD, FEA, structures. Basic programming and electr ical engineering. Experience building and testing prototypes - Fall Semester; part of a two-term sequence with ENG ME 692 Advanced Product Design and Engineering is focused on the tools and skills enabling smart, practical product engineering choices. A ""proactive"" mechanical engineer creates products and systems that are functional, manufacturable and economically successful, even as user expectations and technologies evolve. Students are expected to perform original research on design and engineering trends, apply advanced engineering methods to specific examples, justify their their conclusions in design reviews, and ultimately create a manufacturable design prototype. Grading based on a mix of team and individual assignments. Note that this information may change at any time. Please visit the MyBU Student Portal for the most up-to-date course information. Note that this information may change at any time. Read the full terms of use.  "
ENG ME 692,Advanced Product Design and Engineering,,,,,,"Graduate Prerequisites: Graduate standing in an an engineering discipline. Previous courses in materials science, CAD, FEA, structures. Basic programming and electrical engineering. - Spring Semester; part of a two-term sequence with ENG ME 691. Advanced Product Design and Engineering is focused on the tools and skills enabling smart, practical product engineering choices. A ""proactive"" mechanical engineer creates products and systems that are functional, manufacturable, and economically successful, even as user expectations and technologies evolve. Students are expected to perform original research on design and engineering trends, apply advanced engineering methods to specific examples, justify their conclusions in design reviews, and ultimately create a manufacturable design prototype. Grading based on a mix of team and individual assignments. Note that this information may change at any time. Please visit the MyBU Student Portal for the most up-to-date course information. Note that this information may change at any time. Read the full terms of use.  "
ENG ME 700,Advanced Topics in Mechanical Engineering,GRADUATEST,ING,,,,Undergraduate Prerequisites: Graduate standing or consent of instructor. - Specific prerequisites vary according to research topic. Note that this information may change at any time. Please visit the MyBU Student Portal for the most up-to-date course information. Note that this information may change at any time. Read the full terms of use.  
ENG ME 701,Optimal and Robust Control,ENG ME 501 OR ENG EC 501 OR ENG SE 501,,,,,"Undergraduate Prerequisites: (ENGME501 OR ENGEC501 OR ENGSE501) or equivalent - This course is aimed at an introduction (with rigorous treatment) to the fundamentals of optimal and robust control. It will be divided roughly into two parts. The first will cover aspects of robust control including model reduction, H_2 and H_ infinity control, and feedback control of uncertain systems. The second will delve into optimal control including topics such as the linear quadratic regulator, the calculus of variations, the maximum principle, and the Hamilton-Jacobi-Bellman equation. Same as ENG EC 701 and ENG SE 701. Students may not receive credits for both. Note that this information may change at any time. Please visit the MyBU Student Portal for the most up-to-date course information. Note that this information may change at any time. Read the full terms of use.  "
ENG ME 702,Computational Fluid Dynamics,ENG ME 542,,,,,"Undergraduate Prerequisites: (ENGME542) - Numerical techniques for solving the Navier-Stokes and related equations. Topics are selected from the following list, although the emphasis may shift from year to year: boundary integral methods for potential and Stokes flows; free surface flow computations; panel methods; finite difference, finite element and finite volume methods; spectral and pseudo-spectral methods; vortex methods; lattice-gas and lattice-Boltzmann techniques; numerical grid generation. Note that this information may change at any time. Please visit the MyBU Student Portal for the most up-to-date course information. Note that this information may change at any time. Read the full terms of use.  "
ENG ME 710,Dynamic Programming and Reinforcement Learning,CAS MA 381 OR ENG EK 500 OR ENG ME 308,"ENG EC 402,ENG EC 501 OR ENG ME 510",,,,"Undergraduate Prerequisites: (CASMA 381 or ENGEK 500 or ENGME 308) and ENGEC 402, ENGEC 501 or ENGME 510 - Introduction to sequential decision making via dynamic programming. The principle of optimality as a unified approach to optimal control of dynamic systems and Markovian decision problems. Applications from control theory and operations research include linear-quadratic problems, the discrete Kalman Filter, inventory control, network, investment, and resource allocation models. Adaptive control and numerical solutions through successive approximation and policy iteration, suboptimal control, and neural network applications involving functional approximations and learning. Same as ENGEC 710 and ENGSE 710. Students may not receive credits for both. Note that this information may change at any time. Please visit the MyBU Student Portal for the most up-to-date course information. Note that this information may change at any time. Read the full terms of use.  "
ENG ME 712,Applied Mathematics in Mechanics,NA,,,,,"Undergraduate Prerequisites: NA - Graduate Prerequisites: (ENGEK103 & CASMA123 & CASMA124 & CASMA225 & CASMA226) - The goal of this course is to give students an introduction to mathematical tools for solving difficult mathematics problems that arise in engineering science and mechanics. Students will learn the process of applied mathematics, which will enable them to take a hard problem, and gain insight into its important characteristics. Analytical theory, approximate techniques, and numerical methods will be used in a complementary manner to solve challenging engineering problems. Students will learn dimensional analysis and scaling, perturbation methods applied to polynomial and differential equations, variational calculus, integral equations, and concepts of stability and bifurcation. Students will apply these methods to mathematical problems in solid mechanics, thermodynamics, and dynamical systems. Note that this information may change at any time. Please visit the MyBU Student Portal for the most up-to-date course information. Note that this information may change at any time. Read the full terms of use.  "
ENG ME 714,Advanced Stochastic Modeling and Simulation,"ENG EK 500,KNOWLEDGEOFSTOCHASTICPROCESSES, OR CONSENTOFTHEINSTRUCT OR ",,,,,"Undergraduate Prerequisites: (ENGEK500) or equivalent, knowledge of stochastic processes, or consent of the in structor. - Introduction to Markov chains, point processes, diffusion processes as models of stochastic systems of practical interest. The course focuses on numerical and simulation methods for performance evaluation, optimization, and control of such systems. Same as ENG SE 714. Students may not receive credits for both. Note that this information may change at any time. Please visit the MyBU Student Portal for the most up-to-date course information. Note that this information may change at any time. Read the full terms of use.  "
ENG ME 720,Acoustics II,ENG ME 520,,,,,"Undergraduate Prerequisites: (ENGME520) - Wave equation in cylindrical and spherical co-ordinate systems. Propagation in waveguides. Diffraction: the Rayleigh integral and the Helmholtz-Kirchhoff integral. Green's function and angular spectrum methods. Diffraction of sound beams: Guassian beams, unfocused and focused sources, and arrays. Diffraction by apertures, discs and wedges. Scattering of sound; Rayleigh scattering, scattering cross-section, elastic scatters. Propagation in inhomogeneous media: rays, the eikonal equation, the Blokhintzev invariant and the acoustic field near caustics. Absorption and dispersion of acoustic waves. Transmission and reflection at a fluid-solid interface. Note that this information may change at any time. Please visit the MyBU Student Portal for the most up-to-date course information. Note that this information may change at any time. Read the full terms of use.  "
ENG ME 721,Acoustic Bubble Dynamics,ENG ME 520,ENG ME 542,,,,"Undergraduate Prerequisites: (ENGME520 & ENGME542) or equivalent - Bubbles and acoustic cavitation play an important role in many aspects of application of sonic and ultrasonic energy in fluids and biological tissue. This course will introduce the study of bubble phenomena in sound fields. The fundamental physical acoustics of bubbles (and the fundamental physics which can be illustrated by the study of bubble dynamics) will be stressed. The family of Rayleigh-Plesset equations for time-dependent bubble behavior will be derived from the Navier-Stokes equations. Analytical approximations to the Rayleigh-Plesset equations in limiting cases will be derived and studied. Approximations to the thermodynamic behavior of oscillating bubbles will be considered in detail. Thermal, acoustic and viscous contributions to dissipation will be treated. Numerical solutions will also be studied, specifically in the context of highly nonlinear behavior during acoustically-forced oscillations. Specific experiments, and expérimental techniques for measuring bubble dynamics will be studied in detail. Topics covered will contrast agent microbubbles, acoustics of bubbly liquids, bubble-mediated bioeffects, shape instabilities, acoustic levitation, sonoluminescence, heat and mass transfer during bubble oscillations, sonochemistry and cavitation detection and monitoring. Note that this information may change at any time. Please visit the MyBU Student Portal for the most up-to-date course information. Note that this information may change at any time. Read the full terms of use.  "
ENG ME 724,Advanced Optimization Theory and Methods,,,,,,"Graduate Prerequisites: ENG EC 524 or consent of instructor. - Complements ENGEC524 by introducing advanced optimization techniques. Emphasis on nonlinear optimization and recent developments in the field. Topics include: unconstrained optimization methods such as gradient and incremental gradient, conjugate direction, Newton and quasi-Newton methods; constrained optimization methods such as projection, feasible directions, barrier and interior point methods; duality; and stochastic approximation algorithms. Introduction to modern convex optimization including semi-definite programming, conic programming, and robust optimization. Applications drawn from control, production and capacity planning, resource allocation, communication and sensor networks, and bioinformatics. Same as ENG EC 724 and ENG SE7 24. Students may not receive credits for both. Note that this information may change at any time. Please visit the MyBU Student Portal for the most up-to-date course information. Note that this information may change at any time. Read the full terms of use.  "
ENG ME 725,Queueing Systems,,,,,,"Graduate Prerequisites: (ENGEK500 OR ENGEC505) or consent of instructor. - Performance modeling using queueing networks, analysis of product form and non-product form networks, numerical methods for performance evaluation, approximate models of queueing systems, optimal design and control of queueing networks. Applications from manufacturing systems, computer systems and communication networks. Same as ENG EC 725 and ENG SE 725. Students may not receive credits for both. Note that this information may change at any time. Please visit the MyBU Student Portal for the most up-to-date course information. Note that this information may change at any time. Read the full terms of use.  "
ENG ME 726,Fundamentals of Biomaterials,ENG EK 301,ENG EK 424,CAS CH 101,CAS CH 102,ENG BE 209,"Undergraduate Prerequisites: (ENGEK301 & ENGEK424 & CASCH101 & CASCH102 & ENGBE209) - Provides the chemistry and engineering skills needed to solve challenges in the biomaterials and tissue engineering area, concentrating on the fundamental principles in biomedical engineering, material science, and chemistry. Covers the structure and properties of hard materials (ceramics and metals) and soft materials (polymers and hydro-gels). Same as ENG BE 526, ENG BE 726,ENG MS 726. Students may not receive credit for both. Note that this information may change at any time. Please visit the MyBU Student Portal for the most up-to-date course information. Note that this information may change at any time. Read the full terms of use.  "
ENG ME 727,Principles and Applications of Tissues,ENG EK 301,ENG EK 424,CAS CH 101,CAS CH 102,ENG BE 209,"Undergraduate Prerequisites: (ENGEK301 & ENGEK424 & CASCH101 & CASCH102 & ENGBE209) - Provides the chemistry and engineering skills needed to solve challenges in the biomaterials and tissue engineering area, concentrating on cell-biomaterial interactions, soft tissue mechanics and specific research topics. Students will write a NIH-style grant proposal on a specific research topic. Note that the laboratory portion is not offered in ENG ME 727. Same as ENG BE 527, ENG BE 727, ENG ME 727, ENG MS 727. Students may not receive credit for both. Note that this information may change at any time. Please visit the MyBU Student Portal for the most up-to-date course information. Note that this information may change at any time. Read the full terms of use.  "
ENG ME 733,Discrete Event and Hybrid Systems,,,,,,"Graduate Prerequisites: (ENGEK500) or equivalent or consent of instructor. - Review of system theory fundamentals distinguishing between time-driven and event-driven dynamics. Modeling of Discrete Event and Hybrid Systems; Automata, Hybrid Automata, Petri Nets, basic queueing models, and stochastic flow models. Monte Carlo computer simulation: basic structure and output analysis. Analysis, control, and optimization techniques based on Markov Decision Process theory with applications to scheduling, resource allocation, and games of chance. Perturbation Analysis and Rapid Learning methods with applications to communication networks, manufacturing systems, and command-control. Same as ENG EC 733 and ENG SE 733. Students may not receive credits for both. Note that this information may change at any time. Please visit the MyBU Student Portal for the most up-to-date course information. Note that this information may change at any time. Read the full terms of use.  "
ENG ME 734,Hybrid Systems,,,,,,"Graduate Prerequisites: (ENGSE501 OR ENGEC501 OR ENGME501) or consent of instructor. - The course offers a detailed introduction to hybrid systems, which are dynamical systems combining continuous dynamics (modeled by differential equations) with discrete dynamics (modeled by automata). The covered topics include modeling, simulation, stability analysis, verification, and control of such systems. The course contains several applications from both natural and manmade environments, ranging from gene networks in biology, to networked embedded systems in avionics and automotive controls, and to motion planning and control in robotics. Same as ENG ME 734 and ENG SE 734. Students may not receive credits for both. Note that this information may change at any time. Please visit the MyBU Student Portal for the most up-to-date course information. Note that this information may change at any time. Read the full terms of use.  "
ENG ME 740,"Vision, Robotics, and Planning",GRADUATEST,ING,,,,"Undergraduate Prerequisites: Graduate standing or consent of instructor. - Methodologies required for constructing and operating intelligent mechanisms. Comprehensive introduction to robot kinematics for motion planning. Dynamics and control of mechanical systems. Formal treatment of differential relationships for understanding the control of forces and torques at the end effector. Discussion of robot vision and sensing and advanced topics in robot mechanics, including elastic effects and kinematic redundancy. Same as ENG SE 740. Students may not receive credits for both. Note that this information may change at any time. Please visit the MyBU Student Portal for the most up-to-date course information. Note that this information may change at any time. Read the full terms of use.  "
ENG ME 762,Nonlinear Systems and Control,,,,,,"Graduate Prerequisites: (ENGME501) or ENG EC 501 or consent of instructor - Introduction to the theory and design methods of non-linear control systems. Application to robotics, vibration and noise control, fluid control, manufacturing processes, and biomedical systems. Mathematical methods based on the theory of differentiable manifolds; non-linear control techniques include feedback linearization, back-stepping, forwarding, and sliding mode control. Additional course topics will include controllability and observability, Lyapunov stability and its applications, limit cycles, input-output stability, zero dynamics, center manifold theory, perturbation theory, and averaging. Same as ENG SE 762. Students may not receive credits for both. Note that this information may change at any time. Please visit the MyBU Student Portal for the most up-to-date course information. Note that this information may change at any time. Read the full terms of use.  "
ENG ME 766,Advanced Scheduling Models and Methods,,,,,,"Graduate Prerequisites: (ENGEK500 & ENGME510) - Emphasizes basic methodological tools and recent advances for the solution of scheduling problems in both deterministic and stochastic settings. Models considered include classical scheduling models, DEDS, neural nets, queueing models, flow control models, and linear programming models. Methods of control and analysis include optimal control, dynamic programming, fuzzy control, adaptive control, hierarchical control, genetic algorithms, simulated annealing, Lagrangian relaxation, and heavy traffic approximations. Examples and case studies focus on applications from manufacturing systems, computer and communication networks, and transportation systems. Same as ENG SE 766. Students may not receive credits for both. Note that this information may change at any time. Please visit the MyBU Student Portal for the most up-to-date course information. Note that this information may change at any time. Read the full terms of use.  "
ENG ME 778,Micromachined Tranducers,,,,,,"Graduate Prerequisites: (ENGME555) or consent of instructor. - The field of micro-electromechanical devices and systems (MEMS) has been growing at an exciting pace in recent years. The interdisciplinary nature of both micro-machining techniques and their applications can and does lead to exciting synergies. This course will explore the world of mostly silicon-based micro-machined transducers, i.e., micro-sensors and micro-actuators. This requires an awareness of material properties, fabrication technologies, basic structural mechanics, sensing and actuation principles, circuit and system issues, packaging, calibration, and testing. The material will be covered through a combination of lectures, case studies, individual homework assignments, and design projects carried out in teams. Note that this information may change at any time. Please visit the MyBU Student Portal for the most up-to-date course information. Note that this information may change at any time. Read the full terms of use.  "
ENG ME 781,Electroceramics,,,,,,"This course will explore the structure property relationships and phenomena in ceramic materials used in electronic, dielectric, ferroelectric, magnetic, and electrochemical applications. In particular we will discover how to functionalize a component for a particular application - a capacitor, a thermistor, actuator, or a fuel cell. Such a discovery process demands an in- depth understanding of the roles and interrelationships between the crystal structure, defect chemistry, microstructure, and texture in such materials. Statistical thermodynamics, quantum mechanics, and solid mechanics principles will be used as and when necessary in the course. The course is intended to fit in the space and act as a bridge between solid state theory where the emphasis is largely on theory and a ceramic materials course where the emphasis is largely on processing. Same as ENG MS 781. Students may not receive credits for both. Note that this information may change at any time. Please visit the MyBU Student Portal for the most up-to-date course information. Note that this information may change at any time. Read the full terms of use.  "
ENG ME 785,No longer offered,,,,,,Graduate Prerequisites: (ENGME585) and consent of instructor. - No longer offered Note that this information may change at any time. Please visit the MyBU Student Portal for the most up-to-date course information. Note that this information may change at any time. Read the full terms of use.  
ENG ME 788,Soft Tissue Biomechanics,ENG BE 420,ENG ME 521 OR ENG BE 521WITHCONSENTOFINSTRUCT OR ,,,,"Undergraduate Prerequisites: (ENGBE420 & ENGME521) or ENG BE521 or equivalent with consent of instructor. - This course will introduce students to the mechanics of soft biological tissue. In particular, the response of the heart, vasculature, and tissue scaffolds to mechanical loads from the perspective of nonlinear solid mechanics will be studied. Constitutive models for hyperelastic materials will be adapted to biomaterials to handle mechanical characteristics such as nonlinearity, viscoelasticity, and orthotropy. Basic experimental methods, and anatomy and physiology of particular tissue types will also be introduced. Emphasis is placed on integrating the basic analytical, experimental, and computational methods for a more complete understanding of the underlying mechanobiology. Meets with ENG BE 788. Students may not receive credit for both. Note that this information may change at any time. Please visit the MyBU Student Portal for the most up-to-date course information. Note that this information may change at any time. Read the full terms of use.  "
ENG ME 790,Graduate Seminar in Mechanical Engineering,,,,,,"Discussion of current topics in mechanical engineering. Students are expected to attend and actively participate in weekly discussion meetings. Meetings organized around presentations by invited guests who discuss their research programs, strategies, and approaches. 1 cr. P/F. Fall semester. Note that this information may change at any time. Please visit the MyBU Student Portal for the most up-to-date course information. Note that this information may change at any time. Read the full terms of use.  "
ENG ME 791,Mechanical Engineering PhD Research Placement Program,,,,,,"Graduate Prerequisites: PhD standing - Through trial placements in multiple research labs, first-year PhD students have the opportunity to become familiar with the activities of research groups that are of interest to them. It is recommended that first-year PhD students identify and complete three placements: one in the first semester of their first year and two in their second semester. These placements are intended to help students sample research activities available within Mechanical Engineering and identify the research group and faculty advisor with whom they will perform their dissertation research. Normally each placement will last up to seven weeks. VAR cr. P/F. Either sem. Note that this information may change at any time. Please visit the MyBU Student Portal for the most up-to-date course information. Note that this information may change at any time. Read the full terms of use.  "
ENG ME 801,Teaching Practicum 1,,,,,,"PhD Requirement. Assist faculty by performing teaching or teaching-related duties, such as preparing and teaching labs and discussion sections, developing teaching materials, assisting with homework preparation and grading, proctoring exams, grading exams or papers. Note that this information may change at any time. Please visit the MyBU Student Portal for the most up-to-date course information. Note that this information may change at any time. Read the full terms of use.  "
ENG ME 802,Teaching Practicum 2,,,,,,"PhD requirement. Assist faculty by performing teaching or teaching-related duties, such as preparing and teaching labs and discussion sections, developing teaching materials, assisting with homework preparation and grading, proctoring exams, grading exams or papers. Note that this information may change at any time. Please visit the MyBU Student Portal for the most up-to-date course information. Note that this information may change at any time. Read the full terms of use.  "
ENG ME 810,PhD Internship in Mechanical Engineering,,,,,,Graduate Prerequisites: Permission of advisor and an approved internship offer; at least two semesters in the ME PhD program. - This course provides ME PhD students the opportunity tom include a paid internship as part of their professional training. The internship must be related to the student's area of study. International students require CPT authorization. Written summary required. Graded P/F. Prerequisite: Permission of advisor and an approved internship offer; at least two complete semesters in the ME PhD program. Full-time (30-40 hours/week for at least 12 weeks) = 4 credits; part-time (15-20 hours/week for at least 12 weeks) = 2 credits. Note that this information may change at any time. Please visit the MyBU Student Portal for the most up-to-date course information. Note that this information may change at any time. Read the full terms of use.  
ENG ME 900,PhD Research,GRADUATEST,ING,,,,Undergraduate Prerequisites: Graduate standing. - Graduate Prerequisites: Restricted to pre-prospectus PhD students. - Participation in a research project under the direction of a faculty advisor leading to the preparation and defense of a PhD prospectus. Note that this information may change at any time. Please visit the MyBU Student Portal for the most up-to-date course information. Note that this information may change at any time. Read the full terms of use.  
ENG ME 951,Independent Study,,,,,,"Graduate Prerequisites: By petition only. - Graduate students may study, under a faculty member's supervision, subjects not covered in a regularly offered course. Final report and/or written examination normally required. Note that this information may change at any time. Please visit the MyBU Student Portal for the most up-to-date course information. Note that this information may change at any time. Read the full terms of use.  "
ENG ME 952,Mentored Project,,,,,,Mentored Project Note that this information may change at any time. Please visit the MyBU Student Portal for the most up-to-date course information. Note that this information may change at any time. Read the full terms of use.  
ENG ME 954,MS Thesis,GRADUATEST,ING,,,,Undergraduate Prerequisites: Graduate standing. - Graduate Prerequisites: Restricted to MS students by petition only. - Participation in a research project under the direction of a faculty advisor leading to the preparation of an original MS thesis. For students pursuing an MS thesis to satisfy the practicum requirement for the MS degree. Note that this information may change at any time. Please visit the MyBU Student Portal for the most up-to-date course information. Note that this information may change at any time. Read the full terms of use.  
ENG ME 991,PhD Dissertation,GRADUATEST,ING,,,,Undergraduate Prerequisites: Graduate standing. - Graduate Prerequisites: ME 900; restricted to post-prospectus PhD students. - Participation in a research project under the direction of a faculty advisor leading to the preparation and defense of an original PhD dissertation. Note that this information may change at any time. Please visit the MyBU Student Portal for the most up-to-date course information. Note that this information may change at any time. Read the full terms of use.  
